DATETIME,OPEN,HIGH,LOW,FINAL,VOLUME
2018-11-30,1.8895,1.8895,1.8895,1.8895,0.0
2018-12-03,1.9293,1.9293,1.9293,1.9293,0.0
2018-12-04,1.941,1.941,1.941,1.941,0.0
2018-12-05,1.9359,1.9359,1.9359,1.9359,0.0
2018-12-06,1.9124,1.9124,1.9124,1.9124,0.0
2018-12-07,1.9178,1.9178,1.9178,1.9178,0.0
2018-12-10,1.8804,1.8804,1.8804,1.8804,0.0
2018-12-11,1.8869,1.8869,1.8869,1.8869,0.0
2018-12-12,1.8847,1.8847,1.8847,1.8847,0.0
2018-12-13,1.9127,1.9127,1.9127,1.9127,0.0
2018-12-14,1.8853,1.8853,1.8853,1.8853,0.0
2018-12-17,1.8762,1.8762,1.8762,1.8762,0.0
2018-12-18,1.8203,1.8203,1.8203,1.8203,0.0
2018-12-19,1.8629,1.8629,1.8629,1.8629,0.0
2018-12-20,1.827,1.827,1.827,1.827,0.0
2018-12-21,1.8209,1.8209,1.8209,1.8209,0.0
2018-12-24,1.7764,1.7764,1.7764,1.7764,0.0
2018-12-26,1.8484,1.8484,1.8484,1.8484,0.0
2018-12-27,1.8118,1.8118,1.8118,1.8118,0.0
2018-12-28,1.8084,1.8084,1.8084,1.8084,0.0
2018-12-31,1.8245,1.8245,1.8245,1.8245,0.0
2019-01-02,1.8512,1.8512,1.8512,1.8512,0.0
2019-01-03,1.8708,1.8708,1.8708,1.8708,0.0
2019-01-04,1.8797,1.8797,1.8797,1.8797,0.0
2019-01-07,1.8851,1.8851,1.8851,1.8851,0.0
2019-01-08,1.9242,1.9242,1.9242,1.9242,0.0
2019-01-09,1.9687,1.9687,1.9687,1.9687,0.0
2019-01-10,1.9729,1.9729,1.9729,1.9729,0.0
2019-01-11,1.939,1.939,1.939,1.939,0.0
2019-01-14,1.9055,1.9055,1.9055,1.9055,0.0
2019-01-15,1.9335,1.9335,1.9335,1.9335,0.0
2019-01-16,1.9503,1.9503,1.9503,1.9503,0.0
2019-01-17,1.94,1.94,1.94,1.94,0.0
2019-01-18,1.9515,1.9515,1.9515,1.9515,0.0
2019-01-22,1.9466,1.9466,1.9466,1.9466,0.0
2019-01-23,1.944,1.944,1.944,1.944,0.0
2019-01-24,1.936,1.936,1.936,1.936,0.0
2019-01-25,1.9453,1.9453,1.9453,1.9453,0.0
2019-01-28,1.9166,1.9166,1.9166,1.9166,0.0
2019-01-29,1.9571,1.9571,1.9571,1.9571,0.0
2019-01-30,1.9546,1.9546,1.9546,1.9546,0.0
2019-01-31,1.9254,1.9254,1.9254,1.9254,0.0
2019-02-01,1.9672,1.9672,1.9672,1.9672,0.0
2019-02-04,1.962,1.962,1.962,1.962,0.0
2019-02-05,1.9564,1.9564,1.9564,1.9564,0.0
2019-02-06,1.9745,1.9745,1.9745,1.9745,0.0
2019-02-07,1.9565,1.9565,1.9565,1.9565,0.0
2019-02-08,1.9584,1.9584,1.9584,1.9584,0.0
2019-02-11,1.9494,1.9494,1.9494,1.9494,0.0
2019-02-12,1.9568,1.9568,1.9568,1.9568,0.0
2019-02-13,1.9757,1.9757,1.9757,1.9757,0.0
2019-02-14,1.988,1.988,1.988,1.988,0.0
2019-02-15,2.0236,2.0236,2.0236,2.0236,0.0
2019-02-19,2.0187,2.0187,2.0187,2.0187,0.0
2019-02-20,2.0285,2.0285,2.0285,2.0285,0.0
2019-02-21,2.034,2.034,2.034,2.034,0.0
2019-02-22,2.0258,2.0258,2.0258,2.0258,0.0
2019-02-25,1.9815,1.9815,1.9815,1.9815,0.0
2019-02-26,1.9981,1.9981,1.9981,1.9981,0.0
2019-02-27,2.0144,2.0144,2.0144,2.0144,0.0
2019-02-28,2.0149,2.0149,2.0149,2.0149,0.0
2019-03-01,1.9917,1.9917,1.9917,1.9917,0.0
2019-03-04,2.0091,2.0091,2.0091,2.0091,0.0
2019-03-05,2.0115,2.0115,2.0115,2.0115,0.0
2019-03-06,1.9988,1.9988,1.9988,1.9988,0.0
2019-03-07,1.9989,1.9989,1.9989,1.9989,0.0
2019-03-08,1.9896,1.9896,1.9896,1.9896,0.0
2019-03-11,1.995,1.995,1.995,1.995,0.0
2019-03-12,1.9927,1.9927,1.9927,1.9927,0.0
2019-03-13,2.0048,2.0048,2.0048,2.0048,0.0
2019-03-14,1.9935,1.9935,1.9935,1.9935,0.0
2019-03-15,1.9854,1.9854,1.9854,1.9854,0.0
2019-03-18,1.9861,1.9861,1.9861,1.9861,0.0
2019-03-19,1.9905,1.9905,1.9905,1.9905,0.0
2019-03-20,1.9999,1.9999,1.9999,1.9999,0.0
2019-03-21,1.9849,1.9849,1.9849,1.9849,0.0
2019-03-22,1.9689,1.9689,1.9689,1.9689,0.0
2019-03-25,1.9778,1.9778,1.9778,1.9778,0.0
2019-03-26,1.9824,1.9824,1.9824,1.9824,0.0
2019-03-27,1.9744,1.9744,1.9744,1.9744,0.0
2019-03-28,1.9688,1.9688,1.9688,1.9688,0.0
2019-03-29,1.9647,1.9647,1.9647,1.9647,0.0
2019-04-01,1.9698,1.9698,1.9698,1.9698,0.0
2019-04-02,1.9745,1.9745,1.9745,1.9745,0.0
2019-04-03,1.9749,1.9749,1.9749,1.9749,0.0
2019-04-04,1.961,1.961,1.961,1.961,0.0
2019-04-05,1.9686,1.9686,1.9686,1.9686,0.0
2019-04-08,1.971,1.971,1.971,1.971,0.0
2019-04-09,1.968,1.968,1.968,1.968,0.0
2019-04-10,1.9892,1.9892,1.9892,1.9892,0.0
2019-04-11,1.9806,1.9806,1.9806,1.9806,0.0
2019-04-12,1.9839,1.9839,1.9839,1.9839,0.0
2019-04-15,1.9801,1.9801,1.9801,1.9801,0.0
2019-04-16,1.9957,1.9957,1.9957,1.9957,0.0
2019-04-17,1.9827,1.9827,1.9827,1.9827,0.0
2019-04-18,1.9849,1.9849,1.9849,1.9849,0.0
2019-04-22,1.9877,1.9877,1.9877,1.9877,0.0
2019-04-23,1.9962,1.9962,1.9962,1.9962,0.0
2019-04-24,1.9842,1.9842,1.9842,1.9842,0.0
2019-04-25,1.9821,1.9821,1.9821,1.9821,0.0
2019-04-26,1.953,1.953,1.953,1.953,0.0
2019-04-29,1.9587,1.9587,1.9587,1.9587,0.0
2019-04-30,1.9686,1.9686,1.9686,1.9686,0.0
2019-05-01,1.9707,1.9707,1.9707,1.9707,0.0
2019-05-02,1.9455,1.9455,1.9455,1.9455,0.0
2019-05-03,1.9365,1.9365,1.9365,1.9365,0.0
2019-05-06,1.9432,1.9432,1.9432,1.9432,0.0
2019-05-07,1.9226,1.9226,1.9226,1.9226,0.0
2019-05-08,1.9359,1.9359,1.9359,1.9359,0.0
2019-05-09,1.9241,1.9241,1.9241,1.9241,0.0
2019-05-10,1.9245,1.9245,1.9245,1.9245,0.0
2019-05-13,1.9166,1.9166,1.9114,1.9114,1.0
2019-05-14,1.9267,1.9267,1.9267,1.9267,0.0
2019-05-15,1.9421,1.9421,1.9421,1.9421,0.0
2019-05-16,1.9513,1.9513,1.9513,1.9513,0.0
2019-05-17,1.9352,1.9352,1.9352,1.9352,0.0
2019-05-20,1.9336,1.9336,1.9336,1.9336,0.0
2019-05-21,1.9411,1.9411,1.9411,1.9411,0.0
2019-05-22,1.9132,1.9132,1.9132,1.9132,0.0
2019-05-23,1.8557,1.8557,1.8557,1.8557,0.0
2019-05-24,1.8787,1.8787,1.8787,1.8787,0.0
2019-05-28,1.8966,1.8966,1.8966,1.8966,0.0
2019-05-29,1.8873,1.8873,1.8873,1.8873,0.0
2019-05-30,1.852,1.852,1.852,1.852,0.0
2019-05-31,1.7984,1.7984,1.7984,1.7984,0.0
2019-06-03,1.7912,1.7912,1.7912,1.7912,0.0
2019-06-04,1.7974,1.7974,1.7974,1.7974,0.0
2019-06-05,1.7641,1.7641,1.7641,1.7641,0.0
2019-06-06,1.7838,1.7838,1.7838,1.7838,0.0
2019-06-07,1.8097,1.8097,1.8097,1.8097,0.0
2019-06-10,1.8051,1.8051,1.8051,1.8051,0.0
2019-06-11,1.8441,1.8441,1.8441,1.8441,0.0
2019-06-12,1.8102,1.8102,1.8102,1.8102,0.0
2019-06-13,1.8232,1.8232,1.8232,1.8232,0.0
2019-06-14,1.8341,1.8341,1.8341,1.8341,0.0
2019-06-17,1.817,1.817,1.817,1.817,0.0
2019-06-18,1.841,1.841,1.841,1.841,0.0
2019-06-19,1.8377,1.8377,1.8377,1.8377,0.0
2019-06-20,1.8696,1.8696,1.8696,1.8696,0.0
2019-06-21,1.8758,1.8758,1.8758,1.8758,0.0
2019-06-24,1.8785,1.8785,1.8785,1.8785,0.0
2019-06-25,1.8901,1.8901,1.8901,1.8901,0.0
2019-06-26,1.9102,1.9102,1.9102,1.9102,0.0
2019-06-27,1.8943,1.8943,1.8943,1.8943,0.0
2019-06-28,1.8738,1.8738,1.8738,1.8738,0.0
2019-07-01,1.8841,1.8841,1.8841,1.8841,0.0
2019-07-02,1.8398,1.8398,1.8398,1.8398,0.0
2019-07-03,1.8554,1.8554,1.8554,1.8554,0.0
2019-07-05,1.8557,1.8557,1.8557,1.8557,0.0
2019-07-08,1.8559,1.8559,1.8559,1.8559,0.0
2019-07-09,1.8733,1.8733,1.8733,1.8733,0.0
2019-07-10,1.9159,1.9159,1.9159,1.9159,0.0
2019-07-11,1.8982,1.8982,1.8982,1.8982,0.0
2019-07-12,1.8908,1.8908,1.8908,1.8908,0.0
2019-07-15,1.8674,1.8674,1.8674,1.8674,0.0
2019-07-16,1.8344,1.8344,1.8344,1.8344,0.0
2019-07-17,1.8261,1.8261,1.8261,1.8261,0.0
2019-07-18,1.8042,1.8042,1.8042,1.8042,0.0
2019-07-19,1.8376,1.8376,1.8376,1.8376,0.0
2019-07-22,1.8452,1.8452,1.8452,1.8452,0.0
2019-07-23,1.8471,1.8471,1.8471,1.8471,0.0
2019-07-24,1.8367,1.8367,1.8367,1.8367,0.0
2019-07-25,1.8378,1.8378,1.8378,1.8378,0.0
2019-07-26,1.8377,1.8377,1.8377,1.8377,0.0
2019-07-29,1.8247,1.8247,1.8247,1.8247,0.0
2019-07-30,1.8365,1.8365,1.8365,1.8365,0.0
2019-07-31,1.8483,1.8483,1.8483,1.8483,0.0
2019-08-01,1.7656,1.7656,1.7656,1.7656,0.0
2019-08-02,1.8084,1.8084,1.8084,1.8084,0.0
2019-08-05,1.7958,1.7958,1.7958,1.7958,0.0
2019-08-06,1.7911,1.7911,1.7911,1.7911,0.0
2019-08-07,1.7586,1.7586,1.7586,1.7586,0.0
2019-08-08,1.7629,1.7629,1.7629,1.7629,0.0
2019-08-09,1.7837,1.7837,1.7837,1.7837,0.0
2019-08-12,1.7849,1.7849,1.7849,1.7849,0.0
2019-08-13,1.8348,1.8348,1.8348,1.8348,0.0
2019-08-14,1.8024,1.8024,1.8024,1.8024,0.0
2019-08-15,1.7694,1.7694,1.7694,1.7694,0.0
2019-08-16,1.771,1.771,1.771,1.771,0.0
2019-08-19,1.778,1.778,1.778,1.778,0.0
2019-08-20,1.7846,1.7846,1.7846,1.7846,0.0
2019-08-21,1.7882,1.7882,1.7882,1.7882,0.0
2019-08-22,1.7799,1.7799,1.7799,1.7799,0.0
2019-08-23,1.7661,1.7661,1.7661,1.7661,0.0
2019-08-26,1.7521,1.7521,1.7521,1.7521,0.0
2019-08-27,1.7706,1.7706,1.7706,1.7706,0.0
2019-08-28,1.7852,1.7852,1.7852,1.7852,0.0
2019-08-29,1.7896,1.7896,1.7896,1.7896,0.0
2019-08-30,1.7789,1.7789,1.7622,1.7622,1.0
2019-09-03,1.7489,1.7549,1.7489,1.7549,1.0
2019-09-04,1.8014,1.8014,1.8014,1.8014,0.0
2019-09-05,1.8013,1.8013,1.8013,1.8013,0.0
2019-09-06,1.8134,1.8134,1.8134,1.8134,0.0
2019-09-09,1.8256,1.8256,1.8256,1.8256,0.0
2019-09-10,1.8313,1.8313,1.8313,1.8313,0.0
2019-09-11,1.8063,1.8063,1.8063,1.8063,0.0
2019-09-12,1.7948,1.7948,1.7948,1.7948,0.0
2019-09-13,1.7824,1.7824,1.7824,1.7824,0.0
2019-09-16,1.8632,1.8632,1.8632,1.8632,0.0
2019-09-17,1.8269,1.8269,1.8269,1.8269,0.0
2019-09-18,1.808,1.808,1.808,1.808,0.0
2019-09-19,1.814,1.814,1.814,1.814,0.0
2019-09-20,1.8108,1.8108,1.8108,1.8108,0.0
2019-09-23,1.8263,1.8263,1.8263,1.8263,0.0
2019-09-24,1.8063,1.8063,1.8063,1.8063,0.0
2019-09-25,1.7974,1.7974,1.7974,1.7974,0.0
2019-09-26,1.7977,1.7977,1.7977,1.7977,0.0
2019-09-27,1.7846,1.7846,1.7846,1.7846,0.0
2019-09-30,1.7616,1.7616,1.7616,1.7616,0.0
2019-10-01,1.772,1.772,1.772,1.772,0.0
2019-10-02,1.7656,1.7656,1.7656,1.7656,0.0
2019-10-03,1.7593,1.7593,1.7593,1.7593,0.0
2019-10-04,1.761,1.761,1.761,1.761,0.0
2019-10-07,1.7636,1.7636,1.7636,1.7636,0.0
2019-10-08,1.7708,1.7708,1.7708,1.7708,0.0
2019-10-09,1.7681,1.7681,1.7681,1.7681,0.0
2019-10-10,1.7847,1.7847,1.7847,1.7847,0.0
2019-10-11,1.8093,1.8093,1.8093,1.8093,0.0
2019-10-14,1.7938,1.7938,1.7938,1.7938,0.0
2019-10-15,1.7813,1.7813,1.7813,1.7813,0.0
2019-10-16,1.7915,1.7915,1.7915,1.7915,0.0
2019-10-17,1.7896,1.7896,1.7896,1.7896,0.0
2019-10-18,1.7815,1.7815,1.7815,1.7815,0.0
2019-10-21,1.7822,1.7822,1.7822,1.7822,0.0
2019-10-22,1.7877,1.7877,1.7877,1.7877,0.0
2019-10-23,1.8094,1.8094,1.8094,1.8094,0.0
2019-10-24,1.8146,1.8146,1.8146,1.8146,0.0
2019-10-25,1.8167,1.8167,1.8167,1.8167,0.0
2019-10-28,1.8046,1.8046,1.8046,1.8046,0.0
2019-10-29,1.801,1.801,1.801,1.801,0.0
2019-10-30,1.7719,1.7719,1.7719,1.7719,0.0
2019-10-31,1.7519,1.7519,1.7519,1.7519,0.0
2019-11-01,1.7985,1.7985,1.7985,1.7985,0.0
2019-11-04,1.8011,1.8011,1.8011,1.8011,0.0
2019-11-05,1.8169,1.8169,1.8169,1.8169,0.0
2019-11-06,1.7882,1.7882,1.7882,1.7882,0.0
2019-11-07,1.7901,1.7901,1.7901,1.7901,0.0
2019-11-08,1.7957,1.7957,1.7957,1.7957,0.0
2019-11-11,1.795,1.795,1.795,1.795,0.0
2019-11-12,1.7969,1.7969,1.7969,1.7969,0.0
2019-11-13,1.801,1.801,1.801,1.801,0.0
2019-11-14,1.797,1.797,1.797,1.797,0.0
2019-11-15,1.8161,1.8161,1.8161,1.8161,0.0
2019-11-18,1.7923,1.7923,1.7923,1.7923,0.0
2019-11-19,1.7645,1.7645,1.7645,1.7645,0.0
2019-11-20,1.7922,1.7922,1.7922,1.7922,0.0
2019-11-21,1.8271,1.8271,1.8271,1.8271,0.0
2019-11-22,1.8111,1.8111,1.8111,1.8111,0.0
2019-11-25,1.82,1.82,1.82,1.82,0.0
2019-11-26,1.8268,1.8268,1.8268,1.8268,0.0
2019-11-27,1.8136,1.8136,1.8136,1.8136,0.0
2019-11-29,1.7613,1.7613,1.7613,1.7613,0.0
2019-12-02,1.7752,1.7752,1.7752,1.7752,0.0
2019-12-03,1.7701,1.7701,1.7701,1.7701,0.0
2019-12-04,1.8063,1.8063,1.8063,1.8063,0.0
2019-12-05,1.8151,1.8151,1.8151,1.8151,0.0
2019-12-06,1.8238,1.8238,1.8238,1.8238,0.0
2019-12-09,1.822,1.822,1.822,1.822,0.0
2019-12-10,1.826,1.826,1.826,1.826,0.0
2019-12-11,1.8007,1.8007,1.8007,1.8007,0.0
2019-12-12,1.8151,1.8151,1.8151,1.8151,0.0
2019-12-13,1.8265,1.8265,1.8265,1.8265,0.0
2019-12-16,1.8346,1.8346,1.8346,1.8346,0.0
2019-12-17,1.838,1.838,1.838,1.838,0.0
2019-12-18,1.8318,1.8318,1.8318,1.8318,0.0
2019-12-19,1.8275,1.8275,1.8275,1.8275,0.0
2019-12-20,1.8258,1.8258,1.8258,1.8258,0.0
2019-12-23,1.8232,1.8232,1.8232,1.8232,0.0
2019-12-24,1.8315,1.8315,1.8315,1.8315,0.0
2019-12-26,1.8448,1.8448,1.8448,1.8448,0.0
2019-12-27,1.8426,1.8426,1.8426,1.8426,0.0
2019-12-30,1.8262,1.8262,1.8262,1.8262,0.0
2019-12-31,1.8108,1.8108,1.8108,1.8108,0.0
2020-01-02,1.8251,1.8251,1.8251,1.8251,0.0
2020-01-03,1.8332,1.8332,1.8332,1.8332,0.0
2020-01-06,1.8202,1.8202,1.8202,1.8202,0.0
2020-01-07,1.819,1.819,1.819,1.819,0.0
2020-01-08,1.7837,1.7837,1.7837,1.7837,0.0
2020-01-09,1.7805,1.7805,1.7805,1.7805,0.0
2020-01-10,1.7707,1.7707,1.7707,1.7707,0.0
2020-01-13,1.7594,1.7594,1.7594,1.7594,0.0
2020-01-14,1.7581,1.7581,1.7581,1.7581,0.0
2020-01-15,1.75,1.75,1.7399,1.7399,1.0
2020-01-16,1.731,1.731,1.731,1.731,0.0
2020-01-17,1.7375,1.7375,1.7338,1.7338,1.0
2020-01-21,1.7263,1.7263,1.7263,1.7263,0.0
2020-01-22,1.7114,1.7114,1.7114,1.7114,0.0
2020-01-23,1.7061,1.7061,1.7061,1.7061,0.0
2020-01-24,1.678,1.678,1.678,1.678,0.0
2020-01-27,1.6638,1.6638,1.6638,1.6638,0.0
2020-01-28,1.6773,1.6773,1.6773,1.6773,0.0
2020-01-29,1.6811,1.6811,1.6811,1.6811,0.0
2020-01-30,1.6644,1.6644,1.6565,1.6565,1.0
2020-01-31,1.652,1.652,1.652,1.652,0.0
2020-02-03,1.6311,1.6311,1.6311,1.6311,0.0
2020-02-04,1.6442,1.6442,1.6442,1.6442,0.0
2020-02-05,1.6662,1.6662,1.6662,1.6662,0.0
2020-02-06,1.685,1.685,1.685,1.685,0.0
2020-02-07,1.6936,1.6936,1.6845,1.6845,4.0
2020-02-10,1.6828,1.6828,1.6828,1.6828,0.0
2020-02-11,1.688,1.688,1.688,1.688,0.0
2020-02-12,1.7117,1.7117,1.7117,1.7117,0.0
2020-02-13,1.7089,1.7089,1.7089,1.7089,0.0
2020-02-14,1.7149,1.7149,1.7149,1.7149,0.0
2020-02-18,1.7161,1.7161,1.7161,1.7161,0.0
2020-02-19,1.7388,1.7388,1.7388,1.7388,0.0
2020-02-20,1.7319,1.7319,1.7319,1.7319,0.0
2020-02-21,1.7282,1.7336,1.7282,1.7336,1.0
2020-02-24,1.7154,1.7154,1.7154,1.7154,0.0
2020-02-25,1.6903,1.6903,1.6903,1.6903,0.0
2020-02-26,1.6763,1.6763,1.6763,1.6763,0.0
2020-02-27,1.6745,1.6783,1.6745,1.6781,2.0
2020-02-28,1.6831,1.6831,1.6578,1.6578,6.0
2020-03-02,1.6934,1.6934,1.6934,1.6934,0.0
2020-03-03,1.6986,1.6986,1.6986,1.6986,0.0
2020-03-04,1.7065,1.7065,1.7065,1.7065,0.0
2020-03-05,1.6803,1.6803,1.6803,1.6803,0.0
2020-03-06,1.648,1.648,1.648,1.648,0.0
2020-03-09,1.59,1.59,1.5233,1.5233,3.0
2020-03-10,1.5921,1.5921,1.5921,1.5921,0.0
2020-03-11,1.5965,1.5965,1.5965,1.5965,0.0
2020-03-12,1.5891,1.5891,1.5664,1.5664,3.0
2020-03-13,1.5597,1.5597,1.5389,1.5389,3.0
2020-03-16,1.4775,1.4775,1.4775,1.4775,0.0
2020-03-17,1.4443,1.4443,1.4443,1.4443,8.0
2020-03-18,1.3777,1.3777,1.3777,1.3777,0.0
2020-03-19,1.44,1.44,1.44,1.44,0.0
2020-03-20,1.4266,1.4266,1.3817,1.3817,3.0
2020-03-23,1.4015,1.4015,1.4015,1.4015,0.0
2020-03-24,1.4381,1.4381,1.4381,1.4381,0.0
2020-03-25,1.46,1.46,1.4435,1.4435,2.0
2020-03-26,1.4106,1.4106,1.4106,1.4106,0.0
2020-03-27,1.4303,1.4303,1.4303,1.4303,0.0
2020-03-30,1.4238,1.4238,1.4238,1.4238,0.0
2020-03-31,1.412,1.412,1.412,1.412,0.0
2020-04-01,1.3848,1.3848,1.3848,1.3848,0.0
2020-04-02,1.44,1.44,1.4281,1.4281,2.0
2020-04-03,1.4476,1.4476,1.4476,1.4476,0.0
2020-04-06,1.4753,1.4753,1.4559,1.4559,1.0
2020-04-07,1.4555,1.4555,1.4555,1.4555,0.0
2020-04-08,1.4483,1.4483,1.4483,1.4483,2.0
2020-04-09,1.4368,1.4368,1.4368,1.4368,0.0
2020-04-13,1.44,1.4713,1.44,1.4713,21.0
2020-04-14,1.4652,1.4652,1.4652,1.4652,0.0
2020-04-15,1.4185,1.4185,1.4185,1.4185,0.0
2020-04-16,1.4221,1.4274,1.4221,1.4274,1.0
2020-04-17,1.4324,1.4338,1.4324,1.4338,2.0
2020-04-20,1.425,1.425,1.4182,1.4182,6.0
2020-04-21,1.39,1.39,1.3144,1.3144,3.0
2020-04-22,1.3331,1.3331,1.3331,1.3331,0.0
2020-04-23,1.3291,1.3291,1.3291,1.3291,0.0
2020-04-24,1.33,1.33,1.3179,1.3179,16.0
2020-04-27,1.2922,1.2922,1.2922,1.2922,5.0
2020-04-28,1.2945,1.2945,1.2945,1.2945,2.0
2020-04-29,1.3049,1.3049,1.3049,1.3049,0.0
2020-04-30,1.3392,1.3392,1.3392,1.3392,0.0
2020-05-01,1.3066,1.3066,1.3066,1.3066,0.0
2020-05-04,1.2927,1.3015,1.2927,1.3015,6.0
2020-05-05,1.3427,1.3427,1.3427,1.3427,0.0
2020-05-06,1.3078,1.3078,1.3078,1.3078,4.0
2020-05-07,1.3062,1.3062,1.3062,1.3062,0.0
2020-05-08,1.3386,1.3386,1.3386,1.3386,4.0
2020-05-11,1.3268,1.3268,1.3064,1.3064,11.0
2020-05-12,1.2975,1.2975,1.2975,1.2975,0.0
2020-05-13,1.3035,1.3035,1.3035,1.3035,4.0
2020-05-14,1.3269,1.3269,1.3269,1.3269,0.0
2020-05-15,1.3338,1.3338,1.3338,1.3338,0.0
2020-05-18,1.3876,1.3876,1.3876,1.3876,0.0
2020-05-19,1.3713,1.3713,1.3713,1.3713,1.0
2020-05-20,1.3953,1.3953,1.3953,1.3953,0.0
2020-05-21,1.3894,1.3894,1.3894,1.3894,1.0
2020-05-22,1.377,1.377,1.377,1.377,0.0
2020-05-26,1.3905,1.3905,1.3905,1.3905,0.0
2020-05-27,1.3843,1.3843,1.3843,1.3843,0.0
2020-05-28,1.3833,1.3833,1.3833,1.3833,0.0
2020-05-29,1.4189,1.4189,1.4189,1.4189,0.0
2020-06-01,1.3998,1.3998,1.3998,1.3998,0.0
2020-06-02,1.4358,1.4358,1.4358,1.4358,0.0
2020-06-03,1.429,1.432,1.429,1.432,4.0
2020-06-04,1.4446,1.4446,1.4446,1.4446,4.0
2020-06-05,1.4899,1.4899,1.4899,1.4899,0.0
2020-06-08,1.4545,1.4545,1.4545,1.4545,0.0
2020-06-09,1.4717,1.4717,1.4717,1.4717,3.0
2020-06-10,1.4691,1.4691,1.4691,1.4691,0.0
2020-06-11,1.4054,1.4054,1.4054,1.4054,0.0
2020-06-12,1.412,1.412,1.412,1.412,5.0
2020-06-15,1.4314,1.4314,1.4314,1.4314,0.0
2020-06-16,1.4522,1.4522,1.4522,1.4522,0.0
2020-06-17,1.4397,1.4397,1.4397,1.4397,0.0
2020-06-18,1.4334,1.4334,1.4334,1.4334,0.0
2020-06-19,1.439,1.439,1.439,1.439,9.0
2020-06-22,1.4609,1.4609,1.4609,1.4609,0.0
2020-06-23,1.455,1.455,1.455,1.455,0.0
2020-06-24,1.4286,1.4286,1.4286,1.4286,4.0
2020-06-25,1.4378,1.4378,1.4378,1.4378,2.0
2020-06-26,1.4301,1.4301,1.4301,1.4301,0.0
2020-06-29,1.4445,1.4445,1.4445,1.4445,5.0
2020-06-30,1.4331,1.4331,1.4331,1.4331,0.0
2020-07-01,1.4382,1.4382,1.4382,1.4382,0.0
2020-07-02,1.457,1.457,1.457,1.457,0.0
2020-07-06,1.4564,1.4564,1.4564,1.4564,0.0
2020-07-07,1.4627,1.4627,1.4627,1.4627,2.0
2020-07-08,1.4682,1.4682,1.4682,1.4682,0.0
2020-07-09,1.4595,1.4595,1.4595,1.4595,0.0
2020-07-10,1.4727,1.4727,1.4727,1.4727,0.0
2020-07-13,1.4623,1.4623,1.4623,1.4623,0.0
2020-07-14,1.4686,1.4686,1.4686,1.4686,0.0
2020-07-15,1.4789,1.4789,1.4789,1.4789,0.0
2020-07-16,1.4692,1.4692,1.4692,1.4692,0.0
2020-07-17,1.464,1.464,1.464,1.464,0.0
2020-07-20,1.4683,1.4683,1.4683,1.4683,2.0
2020-07-21,1.4914,1.4914,1.4914,1.4914,0.0
2020-07-22,1.4887,1.4887,1.4887,1.4887,4.0
2020-07-23,1.4764,1.4764,1.4747,1.4747,1.0
2020-07-24,1.4818,1.4818,1.4818,1.4818,0.0
2020-07-27,1.4907,1.4907,1.4907,1.4907,0.0
2020-07-28,1.486,1.486,1.486,1.486,0.0
2020-07-29,1.4962,1.4962,1.4962,1.4962,0.0
2020-07-30,1.4668,1.4668,1.4668,1.4668,0.0
2020-07-31,1.4723,1.4723,1.4723,1.4723,0.0
2020-08-03,1.4923,1.4923,1.4923,1.4923,0.0
2020-08-04,1.5085,1.5085,1.5085,1.5085,0.0
2020-08-05,1.5134,1.5134,1.5134,1.5134,0.0
2020-08-06,1.5077,1.5077,1.5077,1.5077,0.0
2020-08-07,1.49,1.49,1.49,1.49,0.0
2020-08-10,1.5071,1.5071,1.5071,1.5071,0.0
2020-08-11,1.5011,1.5011,1.5011,1.5011,0.0
2020-08-12,1.5203,1.5203,1.5203,1.5203,1.0
2020-08-13,1.5072,1.5072,1.5072,1.5072,0.0
2020-08-14,1.5132,1.5132,1.51,1.51,16.0
2020-08-17,1.5187,1.5187,1.5187,1.5187,0.0
2020-08-18,1.5294,1.5294,1.5294,1.5294,0.0
2020-08-19,1.523,1.523,1.523,1.523,2.0
2020-08-20,1.5159,1.5159,1.5159,1.5159,2.0
2020-08-21,1.4926,1.4926,1.4926,1.4926,14.0
2020-08-24,1.5139,1.5139,1.5139,1.5139,0.0
2020-08-25,1.5232,1.5232,1.5232,1.5232,2.0
2020-08-26,1.5145,1.5145,1.5145,1.5145,0.0
2020-08-27,1.4926,1.4953,1.4926,1.4953,4.0
2020-08-28,1.5067,1.5067,1.5067,1.5067,0.0
2020-08-31,1.4896,1.4896,1.4896,1.4896,2.0
2020-09-01,1.493,1.493,1.493,1.493,0.0
2020-09-02,1.4591,1.4591,1.4591,1.4591,0.0
2020-09-03,1.4504,1.4504,1.4504,1.4504,10.0
2020-09-04,1.432,1.432,1.432,1.432,0.0
2020-09-08,1.37,1.37,1.37,1.37,0.0
2020-09-09,1.3884,1.3884,1.3884,1.3884,0.0
2020-09-10,1.3681,1.3681,1.3681,1.3681,0.0
2020-09-11,1.3664,1.3664,1.3664,1.3664,3.0
2020-09-14,1.3681,1.3681,1.3681,1.3681,0.0
2020-09-15,1.3832,1.3832,1.3832,1.3832,0.0
2020-09-16,1.4012,1.403,1.4012,1.403,3.0
2020-09-17,1.4218,1.4218,1.4218,1.4218,0.0
2020-09-18,1.4194,1.4194,1.4194,1.4194,0.0
2020-09-21,1.3809,1.3809,1.3809,1.3809,0.0
2020-09-22,1.3793,1.3793,1.3793,1.3793,0.0
2020-09-23,1.3806,1.3806,1.3806,1.3806,0.0
2020-09-24,1.3876,1.3876,1.3876,1.3876,0.0
2020-09-25,1.3789,1.3789,1.3789,1.3789,2.0
2020-09-28,1.3814,1.3814,1.3814,1.3814,0.0
2020-09-29,1.3583,1.3583,1.3583,1.3583,0.0
2020-09-30,1.3865,1.3865,1.3865,1.3865,0.0
2020-10-01,1.3623,1.3659,1.3623,1.3659,7.0
2020-10-02,1.3347,1.3347,1.3343,1.3343,2.0
2020-10-05,1.3751,1.3754,1.3751,1.3754,3.0
2020-10-06,1.4052,1.4052,1.4052,1.4052,4.0
2020-10-07,1.3865,1.3865,1.3865,1.3865,0.0
2020-10-08,1.4052,1.4052,1.4052,1.4052,6.0
2020-10-09,1.3974,1.3974,1.3974,1.3974,0.0
2020-10-12,1.3711,1.3711,1.3711,1.3711,3.0
2020-10-13,1.3786,1.3786,1.3786,1.3786,1.0
2020-10-14,1.3926,1.3926,1.3926,1.3926,0.0
2020-10-15,1.3917,1.3917,1.3917,1.3917,2.0
2020-10-16,1.3818,1.3818,1.3818,1.3818,0.0
2020-10-19,1.3717,1.3717,1.3717,1.3717,0.0
2020-10-20,1.3829,1.3829,1.3829,1.3829,0.0
2020-10-21,1.3553,1.3553,1.3553,1.3553,0.0
2020-10-22,1.3722,1.3722,1.3722,1.3722,0.0
2020-10-23,1.3734,1.3734,1.3616,1.3616,9.0
2020-10-26,1.3372,1.3372,1.3372,1.3372,6.0
2020-10-27,1.3475,1.353,1.3475,1.353,1.0
2020-10-28,1.317,1.317,1.317,1.317,12.0
2020-10-29,1.3,1.3,1.2899,1.2899,1.0
2020-10-30,1.2922,1.2922,1.2922,1.2922,17.0
2020-11-02,1.3202,1.3202,1.3202,1.3202,0.0
2020-11-03,1.335,1.335,1.3336,1.3336,1.0
2020-11-04,1.3684,1.3684,1.3684,1.3684,5.0
2020-11-05,1.3665,1.3665,1.3596,1.3596,5.0
2020-11-06,1.3256,1.3256,1.3256,1.3256,2.0
2020-11-09,1.3982,1.3982,1.3982,1.3982,1.0
2020-11-10,1.4273,1.4273,1.4273,1.4273,0.0
2020-11-11,1.4264,1.4264,1.4264,1.4264,4.0
2020-11-12,1.4153,1.4153,1.4153,1.4153,0.0
2020-11-13,1.3927,1.3927,1.3927,1.3927,0.0
2020-11-16,1.407,1.407,1.407,1.407,0.0
2020-11-17,1.4122,1.4122,1.4122,1.4122,12.0
2020-11-18,1.4194,1.4194,1.4194,1.4194,0.0
2020-11-19,1.4166,1.4166,1.4166,1.4166,0.0
2020-11-20,1.4215,1.4262,1.4215,1.4262,1.0
2020-11-23,1.4448,1.4448,1.4448,1.4448,0.0
2020-11-24,1.4697,1.4697,1.4697,1.4697,10.0
2020-11-25,1.49,1.49,1.4845,1.4845,1.0
2020-11-27,1.4845,1.4845,1.4845,1.4845,1.0
2020-11-30,1.4779,1.4779,1.4779,1.4779,0.0
2020-12-01,1.4605,1.4609,1.4605,1.4609,19.0
2020-12-02,1.4661,1.4661,1.4661,1.4661,4.0
2020-12-03,1.4633,1.4633,1.4633,1.4633,4.0
2020-12-04,1.4738,1.4743,1.4729,1.4743,8.0
2020-12-07,1.4729,1.4729,1.471,1.471,2.0
2020-12-08,1.4706,1.4713,1.4706,1.4713,2.0
2020-12-09,1.4725,1.4725,1.46,1.4653,24.0
2020-12-10,1.505,1.505,1.4896,1.4896,12.0
2020-12-11,1.4922,1.4922,1.4882,1.4882,20.0
2020-12-14,1.4996,1.4996,1.4996,1.4996,0.0
2020-12-15,1.5129,1.5129,1.5129,1.5129,1.0
2020-12-16,1.5207,1.5207,1.5207,1.5207,0.0
2020-12-17,1.535,1.5362,1.535,1.5362,23.0
2020-12-18,1.55,1.55,1.55,1.55,3.0
2020-12-21,1.5234,1.5234,1.5234,1.5234,0.0
2020-12-22,1.5159,1.5159,1.5159,1.5159,30.0
2020-12-23,1.5425,1.5425,1.5381,1.5381,27.0
2020-12-24,1.5342,1.5372,1.5342,1.5372,15.0
2020-12-28,1.5261,1.5261,1.5261,1.5261,0.0
2020-12-29,1.5395,1.5395,1.5379,1.5379,1.0
2020-12-30,1.5411,1.5411,1.5411,1.5411,0.0
2020-12-31,1.5375,1.5375,1.5375,1.5375,0.0
2021-01-04,1.5216,1.5216,1.5216,1.5216,0.0
2021-01-05,1.5731,1.5731,1.5637,1.5637,15.0
2021-01-06,1.56,1.56,1.5592,1.5592,27.0
2021-01-07,1.5681,1.5681,1.5624,1.5624,9.0
2021-01-08,1.5819,1.5819,1.5819,1.5819,11.0
2021-01-11,1.5704,1.5785,1.5696,1.5781,129.0
2021-01-12,1.5967,1.5967,1.5915,1.5944,135.0
2021-01-13,1.585,1.5973,1.585,1.5973,70.0
2021-01-14,1.6061,1.6135,1.6061,1.6135,46.0
2021-01-15,1.5905,1.5946,1.5904,1.5946,72.0
2021-01-19,1.5925,1.6072,1.5884,1.5999,21.0
2021-01-20,1.6025,1.6186,1.5973,1.6037,20.0
2021-01-21,1.6054,1.6062,1.5928,1.6044,29.0
2021-01-22,1.5885,1.5885,1.5885,1.5885,51.0
2021-01-25,1.59,1.6039,1.59,1.6032,10.0
2021-01-26,1.605,1.6055,1.5995,1.6011,12.0
2021-01-27,1.6125,1.62,1.6019,1.6068,23.0
2021-01-28,1.6035,1.6145,1.5971,1.5971,10.0
2021-01-29,1.61,1.61,1.5925,1.5944,19.0
2021-02-01,1.616,1.6351,1.605,1.628,27.0
2021-02-02,1.65,1.652,1.6419,1.6441,82.0
2021-02-03,1.6675,1.6675,1.6525,1.6552,45.0
2021-02-04,1.655,1.6675,1.655,1.665,35.0
2021-02-05,1.6775,1.6895,1.6725,1.6733,43.0
2021-02-08,1.7,1.7,1.6957,1.6996,14.0
2021-02-09,1.7012,1.7195,1.7012,1.7055,32.0
2021-02-10,1.72,1.72,1.7115,1.7124,35.0
2021-02-11,1.7036,1.7036,1.7036,1.7036,7.0
2021-02-12,1.727,1.727,1.7235,1.7235,17.0
2021-02-16,1.745,1.7519,1.7375,1.7448,16.0
2021-02-17,1.7445,1.7501,1.7445,1.7501,7.0
2021-02-18,1.75,1.7518,1.75,1.7518,21.0
2021-02-19,1.743,1.743,1.7416,1.7416,17.0
2021-02-22,1.7803,1.7803,1.7771,1.7771,50.0
2021-02-23,1.78,1.7876,1.77,1.7841,20.0
2021-02-24,1.8063,1.8201,1.8055,1.8165,38.0
2021-02-25,1.8201,1.8201,1.81,1.819,24.0
2021-02-26,1.81,1.81,1.777,1.777,35.0
2021-03-01,1.7632,1.7632,1.7632,1.7632,94.0
2021-03-02,1.7642,1.7642,1.7642,1.7642,46.0
2021-03-03,1.7892,1.7911,1.7892,1.7911,92.0
2021-03-04,1.8311,1.832,1.8291,1.8291,148.0
2021-03-05,1.8664,1.8716,1.86,1.8716,106.0
2021-03-08,1.8587,1.8782,1.8568,1.8568,58.0
2021-03-09,1.8475,1.8585,1.8475,1.8565,70.0
2021-03-10,1.8595,1.8704,1.8541,1.8704,93.0
2021-03-11,1.8988,1.9,1.8988,1.8988,49.0
2021-03-12,1.8938,1.9014,1.8938,1.9014,68.0
2021-03-15,1.8864,1.8864,1.8864,1.8864,116.0
2021-03-16,1.8852,1.8852,1.8815,1.8815,236.0
2021-03-17,1.8796,1.8796,1.8796,1.8796,255.0
2021-03-18,1.806,1.806,1.7777,1.7918,58.0
2021-03-19,1.8277,1.8277,1.8171,1.8171,41.0
2021-03-22,1.833,1.833,1.833,1.833,93.0
2021-03-23,1.81,1.81,1.7733,1.7733,189.0
2021-03-24,1.8291,1.8333,1.8291,1.8333,111.0
2021-03-25,1.7721,1.7721,1.7721,1.7721,41.0
2021-03-26,1.8182,1.8182,1.8182,1.8182,28.0
2021-03-29,1.8179,1.8179,1.8179,1.8179,16.0
2021-03-30,1.7987,1.7987,1.7987,1.7987,17.0
2021-03-31,1.7817,1.7817,1.7817,1.7817,2.0
2021-04-01,1.8393,1.8393,1.8393,1.8393,92.0
2021-04-05,1.7948,1.7948,1.7948,1.7948,42.0
2021-04-06,1.8166,1.8166,1.8166,1.8166,11.0
2021-04-07,1.8282,1.8282,1.8282,1.8282,2.0
2021-04-08,1.825,1.825,1.8242,1.8242,40.0
2021-04-09,1.8258,1.8258,1.8258,1.8258,104.0
2021-04-12,1.8274,1.8274,1.8274,1.8274,116.0
2021-04-13,1.8345,1.8345,1.8345,1.8345,12.0
2021-04-14,1.8922,1.8922,1.8922,1.8922,29.0
2021-04-15,1.8911,1.8911,1.8911,1.8911,52.0
2021-04-16,1.8861,1.888,1.8861,1.8867,71.0
2021-04-19,1.8848,1.8848,1.8848,1.8848,70.0
2021-04-20,1.8689,1.8749,1.8675,1.8749,80.0
2021-04-21,1.8527,1.8527,1.8527,1.8527,5.0
2021-04-22,1.85,1.8635,1.85,1.8616,36.0
2021-04-23,1.8751,1.8751,1.8751,1.8751,6.0
2021-04-26,1.8826,1.8826,1.8826,1.8826,16.0
2021-04-27,1.9057,1.9057,1.9057,1.9057,34.0
2021-04-28,1.9284,1.9284,1.9284,1.9284,31.0
2021-04-29,1.9458,1.9458,1.9458,1.9458,62.0
2021-04-30,1.9091,1.9091,1.9091,1.9091,8.0
2021-05-03,1.9333,1.9333,1.9333,1.9333,46.0
2021-05-04,1.9649,1.969,1.9649,1.969,30.0
2021-05-05,1.9718,1.9718,1.9718,1.9718,40.0
2021-05-06,1.9653,1.9653,1.9653,1.9653,4.0
2021-05-07,1.9844,1.9857,1.9841,1.9857,10.0
2021-05-10,1.9936,1.9936,1.9928,1.9928,4.0
2021-05-11,2.0134,2.0134,2.0134,2.0134,18.0
2021-05-12,2.0277,2.0277,2.0277,2.0277,18.0
2021-05-13,1.983,1.983,1.9663,1.9722,43.0
2021-05-14,1.9961,1.9961,1.9961,1.9961,38.0
2021-05-17,2.0165,2.0165,2.0087,2.0102,28.0
2021-05-18,2.0083,2.0083,2.0083,2.0083,7.0
2021-05-19,1.9605,1.9644,1.9589,1.9644,50.0
2021-05-20,1.932,1.932,1.932,1.932,48.0
2021-05-21,1.9625,1.9625,1.9555,1.9555,73.0
2021-05-24,2.0031,2.0031,2.0023,2.0023,7.0
2021-05-25,1.9995,2.0005,1.9995,2.0005,78.0
2021-05-26,2.0051,2.0051,2.0051,2.0051,5.0
2021-05-27,2.0127,2.0127,2.0127,2.0127,10.0
2021-05-28,2.0225,2.0225,1.9957,1.9957,56.0
2021-06-01,2.026,2.026,2.026,2.026,41.0
2021-06-02,2.0569,2.0569,2.0569,2.0569,82.0
2021-06-03,2.0527,2.0527,2.0527,2.0527,188.0
2021-06-04,2.0584,2.067,2.0584,2.067,98.0
2021-06-07,2.07,2.07,2.07,2.07,12.0
2021-06-08,2.06,2.0868,2.06,2.0868,86.0
2021-06-09,2.0833,2.0833,2.0833,2.0833,37.0
2021-06-10,2.0901,2.0901,2.0901,2.0901,137.0
2021-06-11,2.0651,2.0695,2.0635,2.0695,25.0
2021-06-14,2.06,2.06,2.06,2.06,12.0
2021-06-15,2.0613,2.0613,2.053,2.053,169.0
2021-06-16,2.0491,2.0491,2.041,2.041,42.0
2021-06-17,2.042,2.042,2.0083,2.0098,82.0
2021-06-18,2.0315,2.0315,2.0315,2.0315,145.0
2021-06-21,2.0618,2.0618,2.0618,2.0618,64.0
2021-06-22,2.0832,2.0832,2.0826,2.0826,183.0
2021-06-23,2.0914,2.0914,2.0914,2.0914,152.0
2021-06-24,2.095,2.095,2.095,2.095,7.0
2021-06-25,2.0808,2.0808,2.0808,2.0808,5.0
2021-06-28,2.0579,2.0579,2.0579,2.0579,46.0
2021-06-29,2.0632,2.0632,2.0632,2.0632,22.0
2021-06-30,2.0622,2.0622,2.0622,2.0622,25.0
2021-07-01,2.0824,2.0824,2.0824,2.0824,25.0
2021-07-02,2.0835,2.1064,2.0799,2.1064,99.0
2021-07-06,2.0675,2.0675,2.0346,2.0356,36.0
2021-07-07,2.0066,2.0448,2.0066,2.0235,37.0
2021-07-08,1.996,2.0463,1.996,2.0463,91.0
2021-07-09,2.0463,2.0752,2.0463,2.0752,154.0
2021-07-12,2.0729,2.0729,2.0729,2.0729,74.0
2021-07-13,2.1058,2.1058,2.1058,2.1058,59.0
2021-07-14,2.0675,2.0727,2.0661,2.0727,66.0
2021-07-15,2.0478,2.0478,2.0478,2.0478,23.0
2021-07-16,2.0529,2.0529,2.0529,2.0529,15.0
2021-07-19,1.9885,1.9885,1.929,1.9377,159.0
2021-07-20,1.929,1.9671,1.9223,1.9598,186.0
2021-07-21,2.0237,2.0237,2.0237,2.0237,20.0
2021-07-22,2.0237,2.0555,2.0217,2.0555,32.0
2021-07-23,2.053,2.0572,2.0525,2.0572,64.0
2021-07-26,2.071,2.071,2.071,2.071,29.0
2021-07-27,2.069,2.0698,2.069,2.0698,22.0
2021-07-28,2.083,2.083,2.083,2.083,11.0
2021-07-29,2.1128,2.1128,2.1128,2.1128,14.0
2021-07-30,2.1158,2.1158,2.1158,2.1158,1.0
2021-08-02,2.063,2.0653,2.063,2.0653,107.0
2021-08-03,2.0693,2.0693,2.0693,2.0693,45.0
2021-08-04,2.0326,2.0326,2.0326,2.0326,56.0
2021-08-05,2.0566,2.0566,2.0566,2.0566,13.0
2021-08-06,2.0441,2.0441,2.0441,2.0441,74.0
2021-08-09,2.016,2.016,1.9983,2.0042,73.0
2021-08-10,2.033,2.033,2.033,2.033,98.0
2021-08-11,2.0582,2.0582,2.0582,2.0582,81.0
2021-08-12,2.053,2.0568,2.052,2.0568,531.0
2021-08-13,2.0366,2.0366,2.0366,2.0366,193.0
2021-08-16,2.0096,2.0096,2.0096,2.0096,39.0
2021-08-17,1.995,1.9961,1.9916,1.995,56.0
2021-08-18,1.985,1.985,1.965,1.9837,109.0
2021-08-19,1.965,1.965,1.9299,1.9323,245.0
2021-08-20,1.91,1.91,1.8598,1.8674,185.0
2021-08-23,1.9534,1.9534,1.9534,1.9534,227.0
2021-08-24,2.0096,2.0096,2.0096,2.0096,108.0
2021-08-25,2.0466,2.0466,2.0466,2.0466,233.0
2021-08-26,2.04,2.04,2.0093,2.0093,85.0
2021-08-27,2.025,2.035,2.0227,2.0331,28.0
2021-08-30,2.0587,2.0587,2.0587,2.0587,41.0
2021-08-31,2.0495,2.0495,2.0495,2.0495,59.0
2021-09-01,2.0533,2.0533,2.0533,2.0533,93.0
2021-09-02,2.0843,2.0843,2.0843,2.0843,314.0
2021-09-03,2.0774,2.0774,2.0774,2.0774,58.0
2021-09-07,2.0467,2.0467,2.0467,2.0467,90.0
2021-09-08,2.0616,2.062,2.0552,2.062,42.0
2021-09-09,2.0396,2.0396,2.0396,2.0396,75.0
2021-09-10,2.0712,2.0712,2.0712,2.0712,33.0
2021-09-13,2.0793,2.0793,2.0793,2.0793,8.0
2021-09-14,2.0825,2.0825,2.0825,2.0825,29.0
2021-09-15,2.1145,2.116,2.1119,2.1119,327.0
2021-09-16,2.1129,2.1129,2.1129,2.1129,50.0
2021-09-17,2.106,2.106,2.0807,2.1044,33.0
2021-09-20,2.0585,2.0585,2.0585,2.0585,131.0
2021-09-21,2.0688,2.0688,2.0688,2.0688,206.0
2021-09-22,2.0944,2.0944,2.0944,2.0944,125.0
2021-09-23,2.1181,2.1211,2.1105,2.1211,134.0
2021-09-24,2.14,2.14,2.1385,2.1385,265.0
2021-09-27,2.1685,2.1717,2.1677,2.1717,115.0
2021-09-28,2.1746,2.1746,2.1746,2.1746,176.0
2021-09-29,2.1914,2.1914,2.1914,2.1914,131.0
2021-09-30,2.21,2.21,2.2083,2.2083,563.0
2021-10-01,2.253,2.253,2.253,2.253,138.0
2021-10-04,2.301,2.301,2.301,2.301,184.0
2021-10-05,2.3349,2.3355,2.3227,2.3355,538.0
2021-10-06,2.291,2.2935,2.2866,2.2866,893.0
2021-10-07,2.3024,2.3024,2.3024,2.3024,159.0
2021-10-08,2.3164,2.3164,2.3089,2.3089,310.0
2021-10-11,2.3509,2.3509,2.3441,2.3441,118.0
2021-10-12,2.3433,2.3433,2.3433,2.3433,442.0
2021-10-13,2.357,2.357,2.3369,2.3532,223.0
2021-10-14,2.3677,2.3751,2.349,2.3748,425.0
2021-10-15,2.3801,2.3801,2.3801,2.3801,1035.0
2021-10-18,2.3754,2.3804,2.3621,2.3656,576.0
2021-10-19,2.3476,2.3849,2.3476,2.3792,273.0
2021-10-20,2.3617,2.41,2.3617,2.4014,352.0
2021-10-21,2.3465,2.3617,2.3465,2.3617,393.0
2021-10-22,2.35,2.35,2.3417,2.3431,46.0
2021-10-25,2.3731,2.3731,2.3575,2.3614,344.0
2021-10-26,2.3589,2.3669,2.3583,2.3656,356.0
2021-10-27,2.3325,2.3325,2.3094,2.3227,494.0
2021-10-28,2.2901,2.31,2.285,2.3098,288.0
2021-10-29,2.3099,2.31,2.2968,2.2985,265.0
2021-11-01,2.3193,2.3255,2.2915,2.3194,219.0
2021-11-02,2.3089,2.3263,2.3037,2.3254,201.0
2021-11-03,2.2858,2.2876,2.2607,2.2719,499.0
2021-11-04,2.3161,2.3161,2.2556,2.2556,815.0
2021-11-05,2.2783,2.3079,2.2767,2.303,464.0
2021-11-08,2.3039,2.3175,2.3008,2.3058,503.0
2021-11-09,2.3228,2.3332,2.313,2.3323,1187.0
2021-11-10,2.3286,2.3286,2.2781,2.2861,313.0
2021-11-11,2.2844,2.3035,2.2739,2.2934,647.0
2021-11-12,2.2549,2.2742,2.2549,2.2699,377.0
2021-11-15,2.25,2.2725,2.2414,2.2703,384.0
2021-11-16,2.2947,2.2947,2.2775,2.29,564.0
2021-11-17,2.2791,2.2791,2.2406,2.2454,396.0
2021-11-18,2.2605,2.2696,2.2438,2.2695,395.0
2021-11-19,2.2411,2.2443,2.195,2.2072,521.0
2021-11-22,2.2021,2.2388,2.2021,2.2388,217.0
2021-11-23,2.2898,2.2898,2.2898,2.2898,561.0
2021-11-24,2.2886,2.2942,2.2806,2.2838,110.0
2021-11-26,2.2,2.2,2.0377,2.0377,2307.0
2021-11-29,2.1352,2.1626,2.0805,2.0918,587.0
2021-11-30,2.0328,2.059,1.9716,2.0063,1053.0
2021-12-01,2.0488,2.075,2.0098,2.0187,1044.0
2021-12-02,2.0337,2.0478,1.995,2.0343,1413.0
2021-12-03,2.0648,2.0662,2.02,2.0305,1100.0
2021-12-06,2.0623,2.109,2.0623,2.0985,780.0
2021-12-07,2.1395,2.1615,2.1295,2.1564,471.0
2021-12-08,2.185,2.1945,2.172,2.1877,470.0
2021-12-09,2.1876,2.1876,2.1636,2.1742,184.0
2021-12-10,2.1708,2.184,2.1706,2.179,306.0
2021-12-13,2.181,2.185,2.1629,2.1645,500.0
2021-12-14,2.1485,2.1516,2.1427,2.1507,178.0
2021-12-15,2.1248,2.1641,2.1248,2.1506,267.0
2021-12-16,2.1677,2.1911,2.1677,2.1844,442.0
2021-12-17,2.1391,2.1475,2.1391,2.1432,334.0
2021-12-20,2.1012,2.1189,2.05,2.1024,554.0
2021-12-21,2.1152,2.1753,2.1152,2.1721,1367.0
2021-12-22,2.163,2.2085,2.163,2.2041,735.0
2021-12-23,2.2085,2.2325,2.2085,2.2294,367.0
2021-12-27,2.2,2.2731,2.2,2.2586,521.0
2021-12-28,2.2726,2.2726,2.2685,2.2703,489.0
2021-12-29,2.2627,2.3002,2.2627,2.2816,494.0
2021-12-30,2.2888,2.3053,2.2825,2.2957,486.0
2021-12-31,2.2778,2.281,2.243,2.243,219.0
2022-01-03,2.279,2.2877,2.239,2.2768,409.0
2022-01-04,2.3035,2.3125,2.3035,2.31,305.0
2022-01-05,2.3179,2.3363,2.311,2.3258,655.0
2022-01-06,2.3559,2.3559,2.337,2.3473,1016.0
2022-01-07,2.3553,2.357,2.3376,2.3451,1250.0
2022-01-10,2.3477,2.351,2.3299,2.3339,1215.0
2022-01-11,2.3587,2.3969,2.345,2.3956,1355.0
2022-01-12,2.3989,2.409,2.395,2.405,706.0
2022-01-13,2.3995,2.411,2.393,2.4052,669.0
2022-01-14,2.4164,2.429,2.405,2.4279,1508.0
2022-01-18,2.4557,2.463,2.425,2.4495,1324.0
2022-01-19,2.4672,2.4714,2.4432,2.4626,594.0
2022-01-20,2.4551,2.482,2.445,2.4719,1008.0
2022-01-21,2.437,2.467,2.437,2.459,680.0
2022-01-24,2.4138,2.4376,2.399,2.4185,883.0
2022-01-25,2.4272,2.464,2.4272,2.4637,649.0
2022-01-26,2.4966,2.509,2.4775,2.5004,1536.0
2022-01-27,2.5255,2.5255,2.4866,2.4943,1290.0
2022-01-28,2.496,2.521,2.485,2.4919,1773.0
2022-01-31,2.504,2.5073,2.485,2.5006,999.0
2022-02-01,2.4845,2.5195,2.473,2.5085,715.0
2022-02-02,2.531,2.533,2.499,2.5208,2327.0
2022-02-03,2.5137,2.5496,2.501,2.5496,1318.0
2022-02-04,2.5742,2.5821,2.563,2.5756,1431.0
2022-02-07,2.5937,2.5937,2.565,2.5773,983.0
2022-02-08,2.5414,2.5438,2.521,2.5401,2162.0
2022-02-09,2.5549,2.5738,2.537,2.5679,1390.0
2022-02-10,2.586,2.5955,2.557,2.5661,1272.0
2022-02-11,2.55,2.615,2.55,2.61,2543.0
2022-02-14,2.5891,2.636,2.583,2.6345,1681.0
2022-02-15,2.6,2.6,2.5421,2.5651,1452.0
2022-02-16,2.5771,2.6057,2.533,2.5937,1762.0
2022-02-17,2.5586,2.577,2.5399,2.568,1567.0
2022-02-18,2.55,2.597,2.537,2.5889,1169.0
2022-02-22,2.5728,2.6588,2.5728,2.624,1086.0
2022-02-23,2.6295,2.667,2.629,2.6416,1072.0
2022-02-24,2.7104,2.777,2.623,2.6458,3564.0
2022-02-25,2.69,2.69,2.597,2.6099,2080.0
2022-02-28,2.7072,2.7089,2.6469,2.651,4007.0
2022-03-01,2.7292,2.7629,2.7144,2.725,5572.0
2022-03-02,2.8009,2.867,2.757,2.8529,5496.0
2022-03-03,2.879,2.923,2.8055,2.8415,3499.0
2022-03-04,2.9168,3.007,2.8958,3.002,5427.0
2022-03-07,3.2,3.2,2.9936,3.0565,5655.0
2022-03-08,3.1587,3.2506,3.0511,3.1652,5418.0
2022-03-09,3.294,3.3081,2.7214,2.8396,5712.0
2022-03-10,2.9214,2.953,2.8104,2.8417,4404.0
2022-03-11,2.8645,2.9374,2.849,2.9218,2174.0
2022-03-14,2.8585,2.877,2.789,2.8103,1737.0
2022-03-15,2.6999,2.758,2.667,2.7305,2646.0
2022-03-16,2.7726,2.7863,2.6852,2.6926,2055.0
2022-03-17,2.7735,2.86,2.7735,2.8501,2324.0
2022-03-18,2.8425,2.9056,2.833,2.8893,1242.0
2022-03-21,2.97,3.0056,2.965,2.9879,2124.0
2022-03-22,2.965,3.007,2.957,2.9951,1431.0
2022-03-23,3.0465,3.0937,3.0465,3.0937,1718.0
2022-03-24,3.0805,3.083,3.022,3.0449,1564.0
2022-03-25,3.0,3.0728,2.991,3.0706,1640.0
2022-03-28,3.0,3.0,2.8624,2.935,2655.0
2022-03-29,2.8524,2.969,2.829,2.921,2288.0
2022-03-30,2.9857,3.0063,2.9791,3.0023,1265.0
2022-03-31,2.9579,2.989,2.9032,2.9162,2424.0
2022-04-01,2.9492,2.9674,2.9436,2.9599,3244.0
2022-04-04,2.9848,3.055,2.9708,3.0449,2424.0
2022-04-05,3.0577,3.063,2.9927,3.0355,2347.0
2022-04-06,3.0538,3.063,2.9355,2.9445,1505.0
2022-04-07,2.9854,2.987,2.915,2.9769,3168.0
2022-04-08,2.9723,3.0285,2.961,3.0264,1625.0
2022-04-11,2.9452,2.9831,2.929,2.9715,1857.0
2022-04-12,3.0436,3.0925,3.0436,3.0913,2774.0
2022-04-13,3.1183,3.1795,3.091,3.1778,3372.0
2022-04-14,3.1468,3.2277,3.133,3.2181,3323.0
2022-04-18,3.2602,3.2708,3.189,3.2225,2923.0
2022-04-19,3.1906,3.1906,3.113,3.1245,2266.0
2022-04-20,3.1602,3.197,3.131,3.1885,3074.0
2022-04-21,3.18,3.2336,3.18,3.214,3304.0
2022-04-22,3.209,3.209,3.165,3.1865,2907.0
2022-04-25,3.1,3.149,3.061,3.1378,4213.0
2022-04-26,3.15,3.2336,3.149,3.1997,5651.0
2022-04-27,3.1932,3.2675,3.1739,3.2485,3725.0
2022-04-28,3.2482,3.3075,3.247,3.301,3532.0
2022-04-29,3.3329,3.3528,3.269,3.2757,4044.0
2022-05-02,3.2348,3.349,3.217,3.329,3378.0
2022-05-03,3.3248,3.3294,3.263,3.2863,4909.0
2022-05-04,3.3597,3.4447,3.356,3.4316,5284.0
2022-05-05,3.43,3.493,3.395,3.4311,6548.0
2022-05-06,3.4107,3.469,3.3906,3.4503,6527.0
2022-05-09,3.469,3.4724,3.309,3.3314,4892.0
2022-05-10,3.331,3.3621,3.2799,3.3207,5295.0
2022-05-11,3.365,3.4603,3.365,3.4362,7070.0
2022-05-12,3.3363,3.4317,3.3363,3.4156,6246.0
2022-05-13,3.4304,3.4865,3.4304,3.4618,5074.0
2022-05-16,3.4094,3.4974,3.4094,3.4758,3722.0
2022-05-17,3.4598,3.4962,3.395,3.4051,5501.0
2022-05-18,3.4288,3.429,3.277,3.3044,6114.0
2022-05-19,3.2636,3.3731,3.1979,3.3686,4885.0
2022-05-20,3.3657,3.385,3.3521,3.3634,6330.0
2022-05-23,3.376,3.3975,3.335,3.3874,3415.0
2022-05-24,3.3572,3.427,3.3278,3.4063,4403.0
2022-05-25,3.42,3.4782,3.407,3.4655,6826.0
2022-05-26,3.4821,3.5563,3.4648,3.5432,3738.0
2022-05-27,3.5547,3.603,3.518,3.5954,3627.0
2022-05-31,3.598,3.7677,3.598,3.6227,11675.0
2022-06-01,3.6729,3.7899,3.6729,3.7653,8886.0
2022-06-02,3.6998,3.8465,3.6716,3.8281,7934.0
2022-06-03,3.8347,3.9378,3.8075,3.8855,5324.0
2022-06-06,3.877,3.9616,3.8749,3.935,8172.0
2022-06-07,3.9378,3.9682,3.9055,3.9561,8382.0
2022-06-08,3.9514,4.0084,3.9511,3.9907,7075.0
2022-06-09,3.989,4.067,3.97,4.0512,7175.0
2022-06-10,4.0405,4.119,3.967,4.0157,7234.0
2022-06-13,3.9632,4.0153,3.8752,3.947,5434.0
2022-06-14,3.9164,4.0606,3.9164,3.9909,5530.0
2022-06-15,3.9969,4.1206,3.961,4.083,8536.0
2022-06-16,4.052,4.1136,4.005,4.1068,5561.0
2022-06-17,4.1671,4.1671,3.9087,3.938,8191.0
2022-06-21,3.9834,4.1065,3.9158,3.9628,7159.0
2022-06-22,3.9697,3.9917,3.8453,3.9805,8552.0
2022-06-23,3.9363,3.993,3.869,3.9063,6736.0
2022-06-24,3.8896,3.9586,3.8896,3.9295,5467.0
2022-06-27,3.8961,3.9353,3.8279,3.8362,6555.0
2022-06-28,3.8867,3.9321,3.725,3.8678,8759.0
2022-06-29,3.8714,3.9168,3.7345,3.7526,8327.0
2022-06-30,3.7518,3.775,3.5631,3.6257,9056.0
2022-07-01,3.657,3.7835,3.6057,3.7062,7763.0
2022-07-05,3.7136,3.747,3.3888,3.4263,14517.0
2022-07-06,3.4016,3.4775,3.1957,3.2434,13941.0
2022-07-07,3.26,3.4844,3.205,3.4588,14866.0
2022-07-08,3.4656,3.4852,3.359,3.4723,11316.0
2022-07-11,3.4611,3.571,3.4254,3.5487,11892.0
2022-07-12,3.5374,3.545,3.3669,3.4217,10134.0
2022-07-13,3.3919,3.497,3.387,3.4388,11887.0
2022-07-14,3.439,3.4853,3.2871,3.4174,10566.0
2022-07-15,3.3924,3.4918,3.3606,3.4645,10066.0
2022-07-18,3.4671,3.5336,3.3985,3.4535,9895.0
2022-07-19,3.4294,3.4754,3.3397,3.4489,9521.0
2022-07-20,3.3999,3.4851,3.3688,3.4478,10691.0
2022-07-21,3.4511,3.4531,3.2831,3.3985,13619.0
2022-07-22,3.3744,3.4444,3.2682,3.2921,14323.0
2022-07-25,3.2894,3.3909,3.229,3.3616,11814.0
2022-07-26,3.379,3.4505,3.3414,3.4139,8489.0
2022-07-27,3.4078,3.5457,3.3927,3.5226,12164.0
2022-07-28,3.5174,3.6036,3.4615,3.4999,16907.0
2022-07-29,3.5135,3.5884,3.4294,3.4509,16234.0
2022-08-01,3.4427,3.4427,3.3087,3.3476,21220.0
2022-08-02,3.34,3.3584,3.2496,3.303,14821.0
2022-08-03,3.3,3.4111,3.2662,3.326,15173.0
2022-08-04,3.3398,3.362,3.2062,3.2615,17430.0
2022-08-05,3.223,3.259,3.1221,3.1546,20177.0
2022-08-08,3.1407,3.1696,3.0894,3.1396,19740.0
2022-08-09,3.1458,3.2902,3.1414,3.2662,23341.0
2022-08-10,3.2823,3.353,3.1853,3.3368,18318.0
2022-08-11,3.3217,3.4475,3.3153,3.4153,25085.0
2022-08-12,3.3839,3.4697,3.3839,3.444,17117.0
2022-08-15,3.4507,3.4507,3.3098,3.3767,14767.0
2022-08-16,3.3782,3.433,3.3497,3.3983,13710.0
2022-08-17,3.4023,3.5128,3.3738,3.5103,22383.0
2022-08-18,3.5256,3.5794,3.4794,3.5466,23100.0
2022-08-19,3.5532,3.633,3.4749,3.6044,17212.0
2022-08-22,3.5936,3.6826,3.5538,3.6805,22139.0
2022-08-23,3.6773,3.7696,3.6647,3.7483,21214.0
2022-08-24,3.7442,3.9162,3.7206,3.8997,29252.0
2022-08-25,3.9101,3.9642,3.7941,3.8087,33183.0
2022-08-26,3.8151,3.8902,3.8072,3.8539,22716.0
2022-08-29,3.8513,3.8731,3.7591,3.7831,21442.0
2022-08-30,3.7898,3.8282,3.6251,3.7053,34763.0
2022-08-31,3.7174,3.7599,3.5602,3.609,25878.0
2022-09-01,3.5892,3.5902,3.3919,3.4984,36138.0
2022-09-02,3.4984,3.6091,3.4576,3.5112,32470.0
2022-09-06,3.5808,3.6996,3.4752,3.5102,35077.0
2022-09-07,3.5088,3.5509,3.4351,3.5115,30678.0
2022-09-08,3.495,3.5358,3.4175,3.4707,31660.0
2022-09-09,3.4682,3.5488,3.4528,3.5184,30271.0
2022-09-12,3.5252,3.6407,3.4998,3.5459,27940.0
2022-09-13,3.5455,3.6012,3.4388,3.4924,30222.0
2022-09-14,3.4992,3.5055,3.29,3.3384,58960.0
2022-09-15,3.3494,3.3553,3.1168,3.1716,58564.0
2022-09-16,3.185,3.2305,3.1259,3.1363,37551.0
2022-09-19,3.1402,3.2698,3.0925,3.2588,51003.0
2022-09-20,3.2683,3.3238,3.2331,3.304,53670.0
2022-09-21,3.3042,3.428,3.198,3.2615,55084.0
2022-09-22,3.256,3.3888,3.2302,3.3207,59449.0
2022-09-23,3.3224,3.3246,3.1281,3.1575,53039.0
2022-09-26,3.1614,3.1865,3.0287,3.0464,53621.0
2022-09-27,3.065,3.1941,3.0391,3.1629,56856.0
2022-09-28,3.1579,3.3434,3.0929,3.3372,73087.0
2022-09-29,3.3332,3.3785,3.2744,3.2952,50090.0
2022-09-30,3.2899,3.2929,3.1943,3.2216,46906.0
2022-10-03,3.265,3.3795,3.2649,3.3691,55220.0
2022-10-04,3.3691,3.5455,3.3547,3.5358,57715.0
2022-10-05,3.5306,3.7174,3.486,3.6869,66370.0
2022-10-06,3.6951,3.8883,3.6044,3.8649,63535.0
2022-10-07,3.8787,4.0506,3.8399,4.0187,48891.0
2022-10-10,4.0598,4.0859,3.8595,3.9147,53633.0
2022-10-11,3.8742,3.9433,3.6941,3.9308,56577.0
2022-10-12,3.9032,4.0707,3.8601,3.9328,63627.0
2022-10-13,3.9332,4.1149,3.8624,4.0948,51420.0
2022-10-14,4.084,4.1042,3.9126,3.9802,44328.0
2022-10-17,3.9981,4.1188,3.9981,4.0852,36784.0
2022-10-18,4.1004,4.1535,3.9624,3.9935,34928.0
2022-10-19,3.9947,4.0164,3.8034,3.9043,37280.0
2022-10-20,3.8137,3.9603,3.7186,3.7568,30291.0
2022-10-21,3.7579,3.8714,3.6608,3.8323,33514.0
2022-10-24,3.8394,3.9684,3.8,3.9201,27132.0
2022-10-25,3.9592,3.9843,3.8747,3.9672,24540.0
2022-10-26,3.9532,4.2777,3.9315,4.1201,25012.0
2022-10-27,4.1746,4.3561,4.0875,4.3339,17172.0
2022-10-28,4.36,4.6841,4.33,4.5498,12404.0
2022-10-31,4.54,4.62,4.0861,4.1909,1521.0
