DATETIME,OPEN,HIGH,LOW,FINAL,VOLUME
2019-09-13,18890.0,18890.0,18890.0,18890.0,0.0
2019-09-16,18830.0,18830.0,18830.0,18830.0,0.0
2019-09-17,18885.0,18885.0,18885.0,18885.0,0.0
2019-09-18,18875.0,18875.0,18875.0,18875.0,0.0
2019-09-19,18955.0,18955.0,18955.0,18955.0,0.0
2019-09-20,19000.0,19000.0,19000.0,19000.0,0.0
2019-09-23,19015.0,19015.0,19015.0,19015.0,0.0
2019-09-24,19030.0,19030.0,19030.0,19030.0,0.0
2019-09-25,18880.0,18880.0,18880.0,18880.0,0.0
2019-09-26,18945.0,18945.0,18945.0,18945.0,0.0
2019-09-27,19115.0,19115.0,19115.0,19115.0,0.0
2019-09-30,18745.0,18745.0,18745.0,18745.0,0.0
2019-10-01,18970.0,18970.0,18970.0,18970.0,0.0
2019-10-02,18740.0,18740.0,18740.0,18740.0,0.0
2019-10-03,18315.0,18315.0,18315.0,18315.0,0.0
2019-10-04,18365.0,18365.0,18365.0,18365.0,0.0
2019-10-07,18445.0,18445.0,18445.0,18445.0,0.0
2019-10-08,18675.0,18675.0,18675.0,18675.0,0.0
2019-10-09,18500.0,18500.0,18500.0,18500.0,0.0
2019-10-10,18530.0,18530.0,18530.0,18530.0,0.0
2019-10-11,18795.0,18795.0,18795.0,18795.0,0.0
2019-10-14,19035.0,19035.0,19035.0,19035.0,0.0
2019-10-15,19225.0,19225.0,19225.0,19225.0,0.0
2019-10-16,19520.0,19520.0,19520.0,19520.0,0.0
2019-10-17,19520.0,19520.0,19520.0,19520.0,0.0
2019-10-18,19550.0,19550.0,19550.0,19550.0,0.0
2019-10-21,19645.0,19645.0,19645.0,19645.0,0.0
2019-10-22,19815.0,19815.0,19815.0,19815.0,0.0
2019-10-23,19695.0,19695.0,19695.0,19695.0,0.0
2019-10-24,19855.0,19855.0,19855.0,19855.0,0.0
2019-10-25,19845.0,19845.0,19845.0,19845.0,0.0
2019-10-28,19910.0,19910.0,19910.0,19910.0,0.0
2019-10-29,20025.0,20025.0,20025.0,20025.0,0.0
2019-10-30,19915.0,19915.0,19915.0,19915.0,0.0
2019-10-31,20045.0,20045.0,20045.0,20045.0,0.0
2019-11-01,19925.0,19925.0,19925.0,19925.0,0.0
2019-11-04,20100.0,20100.0,20100.0,20100.0,0.0
2019-11-05,20415.0,20415.0,20415.0,20415.0,0.0
2019-11-06,20415.0,20415.0,20415.0,20415.0,0.0
2019-11-07,20460.0,20460.0,20460.0,20460.0,0.0
2019-11-08,20480.0,20480.0,20480.0,20480.0,0.0
2019-11-11,20360.0,20360.0,20360.0,20360.0,0.0
2019-11-12,20675.0,20675.0,20675.0,20675.0,0.0
2019-11-13,20445.0,20445.0,20445.0,20445.0,0.0
2019-11-14,20255.0,20255.0,20255.0,20255.0,0.0
2019-11-15,20445.0,20445.0,20445.0,20445.0,0.0
2019-11-18,20505.0,20505.0,20505.0,20505.0,0.0
2019-11-19,20430.0,20430.0,20430.0,20430.0,0.0
2019-11-20,20245.0,20245.0,20245.0,20245.0,0.0
2019-11-21,20165.0,20165.0,20165.0,20165.0,0.0
2019-11-22,20230.0,20230.0,20230.0,20230.0,0.0
2019-11-25,20395.0,20395.0,20395.0,20395.0,0.0
2019-11-26,20470.0,20470.0,20470.0,20470.0,0.0
2019-11-27,20550.0,20550.0,20550.0,20550.0,0.0
2019-11-28,20510.0,20510.0,20510.0,20510.0,0.0
2019-11-29,20390.0,20390.0,20390.0,20390.0,0.0
2019-12-02,20620.0,20620.0,20620.0,20620.0,0.0
2019-12-03,20400.0,20400.0,20400.0,20400.0,0.0
2019-12-04,20180.0,20180.0,20180.0,20180.0,0.0
2019-12-05,20420.0,20420.0,20420.0,20420.0,0.0
2019-12-06,20495.0,20495.0,20495.0,20495.0,0.0
2019-12-09,20510.0,20510.0,20510.0,20510.0,0.0
2019-12-10,20505.0,20505.0,20505.0,20505.0,0.0
2019-12-11,20440.0,20440.0,20440.0,20440.0,0.0
2019-12-12,20540.0,20540.0,20540.0,20540.0,0.0
2019-12-13,21060.0,21060.0,21060.0,21060.0,0.0
2019-12-16,21055.0,21055.0,21055.0,21055.0,0.0
2019-12-17,21130.0,21130.0,21130.0,21130.0,0.0
2019-12-18,20940.0,20940.0,20940.0,20940.0,0.0
2019-12-19,20940.0,20940.0,20940.0,20940.0,0.0
2019-12-20,20845.0,20845.0,20845.0,20845.0,0.0
2019-12-23,20850.0,20850.0,20850.0,20850.0,0.0
2019-12-24,20870.0,20870.0,20870.0,20870.0,0.0
2019-12-25,20810.0,20810.0,20810.0,20810.0,0.0
2019-12-26,20925.0,20925.0,20925.0,20925.0,0.0
2019-12-27,20995.0,20995.0,20995.0,20995.0,0.0
2019-12-30,20750.0,20750.0,20750.0,20750.0,0.0
2019-12-31,20470.0,20470.0,20470.0,20470.0,0.0
2020-01-02,20695.0,20695.0,20695.0,20695.0,0.0
2020-01-03,20430.0,20430.0,20430.0,20430.0,0.0
2020-01-06,20205.0,20205.0,20205.0,20205.0,0.0
2020-01-07,20555.0,20555.0,20555.0,20555.0,0.0
2020-01-08,20270.0,20270.0,20270.0,20270.0,0.0
2020-01-09,20785.0,20785.0,20785.0,20785.0,0.0
2020-01-10,20885.0,20885.0,20885.0,20885.0,0.0
2020-01-13,20860.0,20860.0,20860.0,20860.0,0.0
2020-01-14,21090.0,21090.0,21090.0,21090.0,0.0
2020-01-15,21000.0,21000.0,21000.0,21000.0,0.0
2020-01-16,21025.0,21025.0,21025.0,21025.0,0.0
2020-01-17,21130.0,21130.0,21130.0,21130.0,0.0
2020-01-20,21150.0,21150.0,21150.0,21150.0,0.0
2020-01-21,20940.0,20940.0,20940.0,20940.0,0.0
2020-01-22,21090.0,21090.0,21090.0,21090.0,0.0
2020-01-23,20845.0,20845.0,20845.0,20845.0,0.0
2020-01-24,20890.0,20890.0,20890.0,20890.0,0.0
2020-01-27,20410.0,20410.0,20410.0,20410.0,0.0
2020-01-28,20280.0,20280.0,20280.0,20280.0,0.0
2020-01-29,20450.0,20450.0,20450.0,20450.0,0.0
2020-01-30,20035.0,20035.0,20035.0,20035.0,0.0
2020-01-31,20230.0,20230.0,20230.0,20230.0,0.0
2020-02-03,19995.0,19995.0,19995.0,19995.0,0.0
2020-02-04,20175.0,20175.0,20175.0,20175.0,0.0
2020-02-05,20450.0,20450.0,20450.0,20450.0,0.0
2020-02-06,21015.0,21015.0,21015.0,21015.0,0.0
2020-02-07,20965.0,20965.0,20965.0,20965.0,0.0
2020-02-10,20750.0,20750.0,20750.0,20750.0,0.0
2020-02-11,20965.0,20965.0,20965.0,20965.0,0.0
2020-02-12,20940.0,20940.0,20940.0,20940.0,0.0
2020-02-13,20870.0,20870.0,20870.0,20870.0,0.0
2020-02-14,20715.0,20715.0,20715.0,20715.0,0.0
2020-02-17,20630.0,20630.0,20630.0,20630.0,0.0
2020-02-18,20280.0,20280.0,20280.0,20280.0,0.0
2020-02-19,20475.0,20475.0,20475.0,20475.0,0.0
2020-02-20,20615.0,20615.0,20615.0,20615.0,0.0
2020-02-21,20390.0,20390.0,20390.0,20390.0,0.0
2020-02-24,19685.0,19685.0,19685.0,19685.0,0.0
2020-02-25,19790.0,19790.0,19790.0,19790.0,0.0
2020-02-26,19435.0,19435.0,19435.0,19435.0,0.0
2020-02-27,18960.0,18960.0,18960.0,18960.0,0.0
2020-02-28,18085.0,18085.0,18085.0,18085.0,0.0
2020-03-02,18335.0,18335.0,18335.0,18335.0,0.0
2020-03-03,18170.0,18170.0,18170.0,18170.0,0.0
2020-03-04,18235.0,18235.0,18235.0,18235.0,0.0
2020-03-05,18430.0,18430.0,18430.0,18430.0,0.0
2020-03-06,17870.0,17870.0,17870.0,17870.0,0.0
2020-03-09,16595.0,16595.0,16595.0,16595.0,0.0
2020-03-10,17010.0,17010.0,17010.0,17010.0,0.0
2020-03-11,16550.0,16550.0,16550.0,16550.0,0.0
2020-03-12,15465.0,15465.0,15465.0,15465.0,0.0
2020-03-13,14055.0,14055.0,14055.0,14055.0,0.0
2020-03-16,14310.0,14310.0,14310.0,14310.0,0.0
2020-03-17,14105.0,14105.0,14105.0,14105.0,0.0
2020-03-18,13715.0,13715.0,13715.0,13715.0,0.0
2020-03-19,14020.0,14020.0,14020.0,14020.0,0.0
2020-03-20,14655.0,14655.0,14655.0,14655.0,0.0
2020-03-23,14455.0,14455.0,14455.0,14455.0,0.0
2020-03-24,15965.0,15965.0,15965.0,15965.0,0.0
2020-03-25,16685.0,16685.0,16685.0,16685.0,0.0
2020-03-26,15970.0,15970.0,15970.0,15970.0,0.0
2020-03-27,16570.0,16570.0,16570.0,16570.0,0.0
2020-03-30,16095.0,16095.0,16095.0,16095.0,0.0
2020-03-31,16215.0,16215.0,16215.0,16215.0,0.0
2020-04-01,15280.0,15280.0,15280.0,15280.0,0.0
2020-04-02,15215.0,15215.0,15215.0,15215.0,0.0
2020-04-03,15090.0,15090.0,15090.0,15090.0,0.0
2020-04-06,15980.0,15980.0,15980.0,15980.0,0.0
2020-04-07,16560.0,16560.0,16560.0,16560.0,0.0
2020-04-08,16285.0,16285.0,16285.0,16285.0,0.0
2020-04-09,16865.0,16865.0,16865.0,16865.0,0.0
2020-04-10,16750.0,16750.0,16750.0,16750.0,0.0
2020-04-13,16495.0,16495.0,16495.0,16495.0,0.0
2020-04-14,16955.0,16955.0,16955.0,16955.0,0.0
2020-04-15,16940.0,16940.0,16940.0,16940.0,0.0
2020-04-16,16710.0,16710.0,16710.0,16710.0,0.0
2020-04-17,17100.0,17100.0,17100.0,17100.0,0.0
2020-04-20,17080.0,17080.0,17080.0,17080.0,0.0
2020-04-21,16785.0,16785.0,16785.0,16785.0,0.0
2020-04-22,16485.0,16485.0,16485.0,16485.0,0.0
2020-04-23,16915.0,16915.0,16915.0,16915.0,0.0
2020-04-24,16685.0,16685.0,16685.0,16685.0,0.0
2020-04-27,17115.0,17115.0,17115.0,17115.0,0.0
2020-04-28,17245.0,17245.0,17245.0,17245.0,0.0
2020-04-29,17555.0,17555.0,17555.0,17555.0,0.0
2020-04-30,17550.0,17550.0,17550.0,17550.0,0.0
2020-05-01,17030.0,17030.0,17030.0,17030.0,0.0
2020-05-04,16705.0,16705.0,16705.0,16705.0,0.0
2020-05-05,16980.0,16980.0,16980.0,16980.0,0.0
2020-05-06,17140.0,17140.0,17140.0,17140.0,0.0
2020-05-07,17105.0,17105.0,17105.0,17105.0,0.0
2020-05-08,17555.0,17555.0,17555.0,17555.0,0.0
2020-05-11,17865.0,17865.0,17865.0,17865.0,0.0
2020-05-12,17690.0,17690.0,17690.0,17690.0,0.0
2020-05-13,17755.0,17755.0,17755.0,17755.0,0.0
2020-05-14,17230.0,17230.0,17230.0,17230.0,0.0
2020-05-15,17470.0,17470.0,17470.0,17470.0,0.0
2020-05-18,17640.0,17640.0,17640.0,17640.0,0.0
2020-05-19,17965.0,17965.0,17965.0,17965.0,0.0
2020-05-20,17955.0,17955.0,17955.0,17955.0,0.0
2020-05-21,18010.0,18010.0,18010.0,18010.0,0.0
2020-05-22,17775.0,17775.0,17775.0,17775.0,0.0
2020-05-25,18220.0,18220.0,18220.0,18220.0,0.0
2020-05-26,18685.0,18685.0,18685.0,18685.0,0.0
2020-05-27,18865.0,18865.0,18865.0,18865.0,0.0
2020-05-28,19400.0,19400.0,19400.0,19400.0,0.0
2020-05-29,19200.0,19200.0,19200.0,19200.0,0.0
2020-06-01,19520.0,19520.0,19520.0,19520.0,0.0
2020-06-02,19795.0,19795.0,19795.0,19795.0,0.0
2020-06-03,20125.0,20125.0,20125.0,20125.0,0.0
2020-06-04,20180.0,20180.0,20180.0,20180.0,0.0
2020-06-05,20300.0,20300.0,20300.0,20300.0,0.0
2020-06-08,20560.0,20560.0,20560.0,20560.0,0.0
2020-06-09,20510.0,20510.0,20510.0,20510.0,0.0
2020-06-10,20445.0,20445.0,20445.0,20445.0,0.0
2020-06-11,19815.0,19815.0,19815.0,19815.0,0.0
2020-06-12,19530.0,19530.0,19530.0,19530.0,0.0
2020-06-15,18820.0,18820.0,18820.0,18820.0,0.0
2020-06-16,19825.0,19825.0,19825.0,19825.0,0.0
2020-06-17,19980.0,19980.0,19980.0,19980.0,0.0
2020-06-18,19720.0,19720.0,19720.0,19720.0,0.0
2020-06-19,19980.0,19980.0,19980.0,19980.0,0.0
2020-06-22,19780.0,19780.0,19780.0,19780.0,0.0
2020-06-23,20035.0,20035.0,20035.0,20035.0,0.0
2020-06-24,19900.0,19900.0,19900.0,19900.0,0.0
2020-06-25,19665.0,19665.0,19665.0,19665.0,0.0
2020-06-26,19870.0,19870.0,19870.0,19870.0,0.0
2020-06-29,19465.0,19465.0,19465.0,19465.0,0.0
2020-06-30,19700.0,19700.0,19700.0,19700.0,0.0
2020-07-01,19545.0,19545.0,19545.0,19545.0,0.0
2020-07-02,19635.0,19635.0,19635.0,19635.0,0.0
2020-07-03,19780.0,19780.0,19780.0,19780.0,0.0
2020-07-06,20085.0,20085.0,20085.0,20085.0,0.0
2020-07-07,19990.0,19990.0,19990.0,19990.0,0.0
2020-07-08,19810.0,19810.0,19810.0,19810.0,0.0
2020-07-09,19935.0,19935.0,19935.0,19935.0,0.0
2020-07-10,19735.0,19735.0,19735.0,19735.0,0.0
2020-07-13,20145.0,20145.0,20145.0,20145.0,0.0
2020-07-14,20075.0,20075.0,20075.0,20075.0,0.0
2020-07-15,20390.0,20390.0,20390.0,20390.0,0.0
2020-07-16,20225.0,20225.0,20225.0,20225.0,0.0
2020-07-17,20125.0,20125.0,20125.0,20125.0,0.0
2020-07-20,20105.0,20105.0,20105.0,20105.0,0.0
2020-07-21,20315.0,20315.0,20315.0,20315.0,0.0
2020-07-22,20205.0,20205.0,20205.0,20205.0,0.0
2020-07-23,20260.0,20260.0,20260.0,20260.0,0.0
2020-07-24,19900.0,19900.0,19900.0,19900.0,0.0
2020-07-27,20130.0,20130.0,20130.0,20130.0,0.0
2020-07-28,20065.0,20065.0,20065.0,20065.0,0.0
2020-07-29,19845.0,19845.0,19845.0,19845.0,0.0
2020-07-30,19795.0,19795.0,19795.0,19795.0,0.0
2020-07-31,19300.0,19300.0,19300.0,19300.0,0.0
2020-08-03,19590.0,19590.0,19590.0,19590.0,0.0
2020-08-04,20060.0,20060.0,20060.0,20060.0,0.0
2020-08-05,20015.0,20015.0,20015.0,20015.0,0.0
2020-08-06,19940.0,19940.0,19940.0,19940.0,0.0
2020-08-07,19870.0,19870.0,19870.0,19870.0,0.0
2020-08-10,20045.0,20045.0,20045.0,20045.0,0.0
2020-08-11,20235.0,20235.0,20235.0,20235.0,0.0
2020-08-12,20430.0,20430.0,20430.0,20430.0,0.0
2020-08-13,20745.0,20745.0,20745.0,20745.0,0.0
2020-08-14,20810.0,20810.0,20810.0,20810.0,0.0
2020-08-17,20650.0,20650.0,20650.0,20650.0,0.0
2020-08-18,20585.0,20585.0,20585.0,20585.0,0.0
2020-08-19,20675.0,20675.0,20675.0,20675.0,0.0
2020-08-20,20435.0,20435.0,20435.0,20435.0,0.0
2020-08-21,20425.0,20425.0,20425.0,20425.0,0.0
2020-08-24,20545.0,20545.0,20545.0,20545.0,0.0
2020-08-25,20875.0,20875.0,20875.0,20875.0,0.0
2020-08-26,20770.0,20770.0,20770.0,20770.0,0.0
2020-08-27,20725.0,20725.0,20725.0,20725.0,0.0
2020-08-28,20465.0,20465.0,20465.0,20465.0,0.0
2020-08-31,20690.0,20690.0,20690.0,20690.0,0.0
2020-09-01,20675.0,20675.0,20675.0,20675.0,0.0
2020-09-02,20805.0,20805.0,20805.0,20805.0,0.0
2020-09-03,21020.0,21020.0,21020.0,21020.0,0.0
2020-09-04,20685.0,20685.0,20685.0,20685.0,0.0
2020-09-07,20575.0,20575.0,20575.0,20575.0,0.0
2020-09-08,20775.0,20775.0,20775.0,20775.0,0.0
2020-09-09,20425.0,20425.0,20425.0,20425.0,0.0
2020-09-10,20780.0,20780.0,20780.0,20780.0,0.0
2020-09-11,20855.0,20855.0,20855.0,20855.0,0.0
2020-09-14,21105.0,21105.0,21105.0,21105.0,0.0
2020-09-15,21020.0,21020.0,21020.0,21020.0,0.0
2020-09-16,20985.0,20985.0,20985.0,20985.0,0.0
2020-09-17,20785.0,20785.0,20785.0,20785.0,0.0
2020-09-18,20905.0,20905.0,20905.0,20905.0,0.0
2020-09-21,20735.0,20735.0,20735.0,20735.0,0.0
2020-09-22,20300.0,20300.0,20300.0,20300.0,0.0
2020-09-23,20855.0,20855.0,20855.0,20855.0,0.0
2020-09-24,20625.0,20625.0,20625.0,20625.0,0.0
2020-09-25,20740.0,20740.0,20740.0,20740.0,0.0
2020-09-28,20710.0,20710.0,20710.0,20710.0,0.0
2020-09-29,21150.0,21150.0,21150.0,21150.0,0.0
2020-09-30,20850.0,20850.0,20850.0,20850.0,0.0
2020-10-01,20975.0,20975.0,20975.0,20975.0,0.0
2020-10-02,20665.0,20665.0,20665.0,20665.0,0.0
2020-10-05,20945.0,20945.0,20945.0,20945.0,0.0
2020-10-06,21050.0,21050.0,21050.0,21050.0,0.0
2020-10-07,21050.0,21050.0,21050.0,21050.0,0.0
2020-10-08,21290.0,21290.0,21290.0,21290.0,0.0
2020-10-09,21225.0,21225.0,21225.0,21225.0,0.0
2020-10-12,21165.0,21165.0,21165.0,21165.0,0.0
2020-10-13,21250.0,21250.0,21250.0,21250.0,0.0
2020-10-14,21230.0,21230.0,21230.0,21230.0,0.0
2020-10-15,21145.0,21145.0,21145.0,21145.0,0.0
2020-10-16,21035.0,21035.0,21035.0,21035.0,0.0
2020-10-19,21290.0,21290.0,21290.0,21290.0,0.0
2020-10-20,21185.0,21185.0,21185.0,21185.0,0.0
2020-10-21,21285.0,21285.0,21285.0,21285.0,0.0
2020-10-22,21150.0,21150.0,21150.0,21150.0,0.0
2020-10-23,21155.0,21155.0,21155.0,21155.0,0.0
2020-10-26,21120.0,21120.0,21120.0,21120.0,0.0
2020-10-27,21150.0,21150.0,21150.0,21150.0,0.0
2020-10-28,21065.0,21065.0,21065.0,21065.0,0.0
2020-10-29,20965.0,20965.0,20965.0,20965.0,0.0
2020-10-30,20505.0,20505.0,20505.0,20505.0,0.0
2020-11-02,20880.0,20880.0,20880.0,20880.0,0.0
2020-11-03,21240.0,21240.0,21240.0,21240.0,0.0
2020-11-04,21380.0,21380.0,21380.0,21380.0,0.0
2020-11-05,21745.0,21745.0,21745.0,21745.0,0.0
2020-11-06,21945.0,21945.0,21945.0,21945.0,0.0
2020-11-09,22495.0,22495.0,22495.0,22495.0,0.0
2020-11-10,22520.0,22520.0,22520.0,22520.0,0.0
2020-11-11,22995.0,22995.0,22995.0,22995.0,0.0
2020-11-12,22970.0,22970.0,22970.0,22970.0,0.0
2020-11-13,22975.0,22975.0,22975.0,22975.0,0.0
2020-11-16,23595.0,23595.0,23595.0,23595.0,0.0
2020-11-17,23675.0,23675.0,23675.0,23675.0,0.0
2020-11-18,23300.0,23300.0,23300.0,23300.0,0.0
2020-11-19,23175.0,23175.0,23175.0,23175.0,0.0
2020-11-20,23125.0,23125.0,23125.0,23125.0,0.0
2020-11-23,23420.0,23420.0,23420.0,23420.0,0.0
2020-11-24,23815.0,23815.0,23815.0,23815.0,0.0
2020-11-25,23975.0,23975.0,23975.0,23975.0,0.0
2020-11-26,24195.0,24195.0,24195.0,24195.0,0.0
2020-11-27,24235.0,24235.0,24235.0,24235.0,0.0
2020-11-30,24090.0,24090.0,24090.0,24090.0,0.0
2020-12-01,24400.0,24400.0,24400.0,24400.0,0.0
2020-12-02,24450.0,24450.0,24450.0,24450.0,0.0
2020-12-03,24460.0,24460.0,24460.0,24460.0,0.0
2020-12-04,24345.0,24345.0,24345.0,24345.0,0.0
2020-12-07,24165.0,24165.0,24165.0,24165.0,0.0
2020-12-08,24080.0,24080.0,24080.0,24080.0,0.0
2020-12-09,24435.0,24435.0,24435.0,24435.0,0.0
2020-12-10,24320.0,24320.0,24320.0,24320.0,0.0
2020-12-11,24190.0,24190.0,24190.0,24190.0,0.0
2020-12-14,24345.0,24345.0,24345.0,24345.0,0.0
2020-12-15,24280.0,24280.0,24280.0,24280.0,0.0
2020-12-16,24320.0,24320.0,24320.0,24320.0,0.0
2020-12-17,24430.0,24430.0,24430.0,24430.0,0.0
2020-12-18,24425.0,24425.0,24425.0,24425.0,0.0
2020-12-21,24330.0,24330.0,24330.0,24330.0,0.0
2020-12-22,24040.0,24040.0,24040.0,24040.0,0.0
2020-12-23,24150.0,24150.0,24150.0,24150.0,0.0
2020-12-24,24340.0,24340.0,24340.0,24340.0,0.0
2020-12-25,24330.0,24330.0,24330.0,24330.0,0.0
2020-12-28,24385.0,24385.0,24385.0,24385.0,0.0
2020-12-29,25205.0,25205.0,25205.0,25205.0,0.0
2020-12-30,25140.0,25140.0,25140.0,25140.0,0.0
2020-12-31,25155.0,25155.0,25155.0,25155.0,0.0
2021-01-04,24975.0,24975.0,24975.0,24975.0,0.0
2021-01-05,24745.0,24745.0,24745.0,24745.0,0.0
2021-01-06,24690.0,24690.0,24690.0,24690.0,0.0
2021-01-07,25130.0,25130.0,25130.0,25130.0,0.0
2021-01-08,25825.0,25825.0,25825.0,25825.0,0.0
2021-01-11,25755.0,25755.0,25755.0,25755.0,0.0
2021-01-12,25865.0,25865.0,25865.0,25865.0,0.0
2021-01-13,26135.0,26135.0,26135.0,26135.0,0.0
2021-01-14,26500.0,26500.0,26500.0,26500.0,0.0
2021-01-15,26160.0,26160.0,26160.0,26160.0,0.0
2021-01-18,25860.0,25860.0,25860.0,25860.0,0.0
2021-01-19,26355.0,26355.0,26355.0,26355.0,0.0
2021-01-20,26190.0,26190.0,26190.0,26190.0,0.0
2021-01-21,26370.0,26370.0,26370.0,26370.0,0.0
2021-01-22,26310.0,26310.0,26310.0,26310.0,0.0
2021-01-25,26440.0,26440.0,26440.0,26440.0,0.0
2021-01-26,26230.0,26230.0,26230.0,26230.0,0.0
2021-01-27,26310.0,26310.0,26310.0,26310.0,0.0
2021-01-28,25735.0,25735.0,25735.0,25735.0,0.0
2021-01-29,25270.0,25270.0,25270.0,25270.0,0.0
2021-02-01,25735.0,25735.0,25735.0,25735.0,0.0
2021-02-02,25985.0,25985.0,25985.0,25985.0,0.0
2021-02-03,26270.0,26270.0,26270.0,26270.0,0.0
2021-02-04,26020.0,26020.0,26020.0,26020.0,0.0
2021-02-05,26395.0,26395.0,26395.0,26395.0,0.0
2021-02-08,26990.0,26990.0,26990.0,26990.0,0.0
2021-02-09,27090.0,27090.0,27090.0,27090.0,0.0
2021-02-10,27060.0,27060.0,27060.0,27060.0,0.0
2021-02-11,26920.0,26920.0,26920.0,26920.0,0.0
2021-02-12,27005.0,27005.0,27005.0,27005.0,0.0
2021-02-15,27685.0,27685.0,27685.0,27685.0,0.0
2021-02-16,28170.0,28170.0,28170.0,28170.0,0.0
2021-02-17,28000.0,28000.0,28000.0,28000.0,0.0
2021-02-18,27835.0,27835.0,27835.0,27835.0,0.0
2021-02-19,27655.0,27655.0,27655.0,27655.0,0.0
2021-02-22,27785.0,27785.0,27785.0,27785.0,0.0
2021-02-23,27690.0,27690.0,27690.0,27690.0,0.0
2021-02-24,27270.0,27270.0,27270.0,27270.0,0.0
2021-02-25,27825.0,27825.0,27825.0,27825.0,0.0
2021-02-26,26880.0,26880.0,26880.0,26880.0,0.0
2021-03-01,27150.0,27150.0,27150.0,27150.0,0.0
2021-03-02,27135.0,27135.0,27135.0,27135.0,0.0
2021-03-03,27170.0,27170.0,27170.0,27170.0,0.0
2021-03-04,26610.0,26610.0,26610.0,26610.0,0.0
2021-03-05,26375.0,26375.0,26375.0,26375.0,0.0
2021-03-08,26390.0,26390.0,26390.0,26390.0,0.0
2021-03-09,26610.0,26610.0,26610.0,26610.0,0.0
2021-03-10,26580.0,26580.0,26580.0,26580.0,0.0
2021-03-11,26845.0,26845.0,26845.0,26845.0,0.0
2021-03-12,27350.0,27350.0,27350.0,27350.0,0.0
2021-03-15,27310.0,27310.0,27310.0,27310.0,0.0
2021-03-16,27485.0,27485.0,27485.0,27485.0,0.0
2021-03-17,27485.0,27485.0,27485.0,27485.0,0.0
2021-03-18,27840.0,27840.0,27840.0,27840.0,0.0
2021-03-19,27225.0,27225.0,27225.0,27225.0,0.0
2021-03-22,26740.0,26740.0,26740.0,26740.0,0.0
2021-03-23,26595.0,26595.0,26595.0,26595.0,0.0
2021-03-24,25910.0,25910.0,25910.0,25910.0,0.0
2021-03-25,26355.0,26355.0,26355.0,26355.0,0.0
2021-03-26,26800.0,26800.0,26800.0,26800.0,0.0
2021-03-29,26570.0,26570.0,26570.0,26570.0,0.0
2021-03-30,27140.0,27140.0,27140.0,27140.0,0.0
2021-03-31,26880.0,26880.0,26880.0,26880.0,0.0
2021-04-01,27075.0,27075.0,27075.0,27075.0,0.0
2021-04-02,27580.0,27580.0,27580.0,27580.0,0.0
2021-04-05,27740.0,27740.0,27740.0,27740.0,0.0
2021-04-06,27370.0,27370.0,27370.0,27370.0,0.0
2021-04-07,27355.0,27355.0,27355.0,27355.0,0.0
2021-04-08,27295.0,27295.0,27295.0,27295.0,0.0
2021-04-09,27435.0,27435.0,27435.0,27435.0,0.0
2021-04-12,27250.0,27250.0,27250.0,27250.0,0.0
2021-04-13,27445.0,27445.0,27445.0,27445.0,0.0
2021-04-14,27265.0,27265.0,27265.0,27265.0,0.0
2021-04-15,27295.0,27295.0,27295.0,27295.0,0.0
2021-04-16,27370.0,27370.0,27370.0,27370.0,0.0
2021-04-19,27365.0,27365.0,27365.0,27365.0,0.0
2021-04-20,26795.0,26795.0,26795.0,26795.0,0.0
2021-04-21,26220.0,26220.0,26220.0,26220.0,0.0
2021-04-22,26820.0,26820.0,26820.0,26820.0,0.0
2021-04-23,26600.0,26600.0,26600.0,26600.0,0.0
2021-04-26,26845.0,26845.0,26845.0,26845.0,0.0
2021-04-27,26645.0,26645.0,26645.0,26645.0,0.0
2021-04-28,26670.0,26670.0,26670.0,26670.0,0.0
2021-04-29,26675.0,26675.0,26675.0,26675.0,0.0
2021-04-30,26510.0,26510.0,26510.0,26510.0,0.0
2021-05-03,26510.0,26510.0,26510.0,26510.0,0.0
2021-05-04,26625.0,26625.0,26625.0,26625.0,0.0
2021-05-05,26360.0,26360.0,26360.0,26360.0,0.0
2021-05-06,26840.0,26840.0,26840.0,26840.0,0.0
2021-05-07,26925.0,26925.0,26925.0,26925.0,0.0
2021-05-10,27105.0,27105.0,27105.0,27105.0,0.0
2021-05-11,26225.0,26225.0,26225.0,26225.0,0.0
2021-05-12,25735.0,25735.0,25735.0,25735.0,0.0
2021-05-13,25035.0,25035.0,25035.0,25035.0,0.0
2021-05-14,25535.0,25535.0,25535.0,25535.0,0.0
2021-05-17,25325.0,25325.0,25325.0,25325.0,0.0
2021-05-18,25940.0,25940.0,25940.0,25940.0,0.0
2021-05-19,25505.0,25505.0,25505.0,25505.0,0.0
2021-05-20,25595.0,25595.0,25595.0,25595.0,0.0
2021-05-21,25835.0,25835.0,25835.0,25835.0,0.0
2021-05-24,25850.0,25850.0,25850.0,25850.0,0.0
2021-05-25,26100.0,26100.0,26100.0,26100.0,0.0
2021-05-26,26075.0,26075.0,26075.0,26075.0,0.0
2021-05-27,26040.0,26040.0,26040.0,26040.0,0.0
2021-05-28,26610.0,26610.0,26610.0,26610.0,0.0
2021-05-31,26470.0,26470.0,26470.0,26470.0,0.0
2021-06-01,26265.0,26265.0,26265.0,26265.0,0.0
2021-06-02,26405.0,26405.0,26405.0,26405.0,0.0
2021-06-03,26535.0,26535.0,26535.0,26535.0,0.0
2021-06-04,26455.0,26455.0,26455.0,26455.0,0.0
2021-06-07,26545.0,26545.0,26545.0,26545.0,0.0
2021-06-08,26560.0,26560.0,26560.0,26560.0,0.0
2021-06-09,26385.0,26385.0,26385.0,26385.0,0.0
2021-06-10,26485.0,26485.0,26485.0,26485.0,0.0
2021-06-11,26430.0,26430.0,26430.0,26430.0,0.0
2021-06-14,26675.0,26675.0,26675.0,26675.0,0.0
2021-06-15,26965.0,26965.0,26965.0,26965.0,0.0
2021-06-16,26785.0,26785.0,26785.0,26785.0,0.0
2021-06-17,26560.0,26560.0,26560.0,26560.0,0.0
2021-06-18,26465.0,26465.0,26465.0,26465.0,0.0
2021-06-21,25620.0,25620.0,25620.0,25620.0,0.0
2021-06-22,26335.0,26335.0,26335.0,26335.0,0.0
2021-06-23,26360.0,26360.0,26360.0,26360.0,0.0
2021-06-24,26345.0,26345.0,26345.0,26345.0,0.0
2021-06-25,26565.0,26565.0,26565.0,26565.0,0.0
2021-06-28,26455.0,26455.0,26455.0,26455.0,0.0
2021-06-29,26320.0,26320.0,26320.0,26320.0,0.0
2021-06-30,26260.0,26260.0,26260.0,26260.0,0.0
2021-07-01,26170.0,26170.0,26170.0,26170.0,0.0
2021-07-02,26285.0,26285.0,26285.0,26285.0,0.0
2021-07-05,26105.0,26105.0,26105.0,26105.0,0.0
2021-07-06,26150.0,26150.0,26150.0,26150.0,0.0
2021-07-07,25880.0,25880.0,25880.0,25880.0,0.0
2021-07-08,25665.0,25665.0,25665.0,25665.0,0.0
2021-07-09,25705.0,25705.0,25705.0,25705.0,0.0
2021-07-12,26035.0,26035.0,26035.0,26035.0,0.0
2021-07-13,26165.0,26165.0,26165.0,26165.0,0.0
2021-07-14,26085.0,26085.0,26085.0,26085.0,0.0
2021-07-15,25730.0,25730.0,25730.0,25730.0,0.0
2021-07-16,25495.0,25495.0,25495.0,25495.0,0.0
2021-07-19,25170.0,25170.0,25170.0,25170.0,0.0
2021-07-20,24925.0,24925.0,24925.0,24925.0,0.0
2021-07-21,25090.0,25090.0,25090.0,25090.0,0.0
2021-07-22,25430.0,25430.0,25430.0,25430.0,0.0
2021-07-23,25630.0,25630.0,25630.0,25630.0,0.0
2021-07-26,25365.0,25365.0,25365.0,25365.0,0.0
2021-07-27,25415.0,25415.0,25415.0,25415.0,0.0
2021-07-28,25095.0,25095.0,25095.0,25095.0,0.0
2021-07-29,25345.0,25345.0,25345.0,25345.0,0.0
2021-07-30,24875.0,24875.0,24875.0,24875.0,0.0
2021-08-02,25220.0,25220.0,25220.0,25220.0,0.0
2021-08-03,25065.0,25065.0,25065.0,25065.0,0.0
2021-08-04,25055.0,25055.0,25055.0,25055.0,0.0
2021-08-05,25155.0,25155.0,25155.0,25155.0,0.0
2021-08-06,25360.0,25360.0,25360.0,25360.0,0.0
2021-08-09,25230.0,25230.0,25230.0,25230.0,0.0
2021-08-10,25350.0,25350.0,25350.0,25350.0,0.0
2021-08-11,25560.0,25560.0,25560.0,25560.0,0.0
2021-08-12,25505.0,25505.0,25505.0,25505.0,0.0
2021-08-13,25455.0,25455.0,25455.0,25455.0,0.0
2021-08-16,24980.0,24980.0,24980.0,24980.0,0.0
2021-08-17,24845.0,24845.0,24845.0,24845.0,0.0
2021-08-18,25030.0,25030.0,25030.0,25030.0,0.0
2021-08-19,24620.0,24620.0,24620.0,24620.0,0.0
2021-08-20,24470.0,24470.0,24470.0,24470.0,0.0
2021-08-23,24950.0,24950.0,24950.0,24950.0,0.0
2021-08-24,25190.0,25190.0,25190.0,25190.0,0.0
2021-08-25,25175.0,25175.0,25175.0,25175.0,0.0
2021-08-26,25150.0,25150.0,25150.0,25150.0,0.0
2021-08-27,25085.0,25085.0,25085.0,25085.0,0.0
2021-08-30,25190.0,25190.0,25190.0,25190.0,0.0
2021-08-31,25625.0,25625.0,25625.0,25625.0,0.0
2021-09-01,25935.0,25935.0,25935.0,25935.0,0.0
2021-09-02,25935.0,25935.0,25935.0,25935.0,0.0
2021-09-03,26555.0,26555.0,26555.0,26555.0,0.0
2021-09-06,27185.0,27185.0,27185.0,27185.0,0.0
2021-09-07,27355.0,27355.0,27355.0,27355.0,0.0
2021-09-08,27570.0,27570.0,27570.0,27570.0,0.0
2021-09-09,27450.0,27450.0,27450.0,27450.0,0.0
2021-09-10,27760.0,27760.0,27760.0,27760.0,0.0
2021-09-13,27910.0,27910.0,27910.0,27910.0,0.0
2021-09-14,28055.0,28055.0,28055.0,28055.0,0.0
2021-09-15,27975.0,27975.0,27975.0,27975.0,0.0
2021-09-16,27830.0,27830.0,27830.0,27830.0,0.0
2021-09-17,28020.0,28020.0,28020.0,28020.0,0.0
2021-09-20,27415.0,27415.0,27415.0,27415.0,0.0
2021-09-21,27365.0,27365.0,27365.0,27365.0,0.0
2021-09-22,27200.0,27200.0,27200.0,27200.0,0.0
2021-09-23,27520.0,27520.0,27520.0,27520.0,0.0
2021-09-24,27760.0,27760.0,27760.0,27760.0,0.0
2021-09-27,27515.0,27515.0,27515.0,27515.0,0.0
2021-09-28,27315.0,27315.0,27315.0,27315.0,0.0
2021-09-29,27260.0,27260.0,27260.0,27260.0,0.0
2021-09-30,27240.0,27240.0,27240.0,27240.0,0.0
2021-10-01,26345.0,26345.0,26345.0,26345.0,0.0
2021-10-04,25855.0,25855.0,25855.0,25855.0,0.0
2021-10-05,25320.0,25320.0,25320.0,25320.0,0.0
2021-10-06,25070.0,25070.0,25070.0,25070.0,0.0
2021-10-07,25385.0,25385.0,25385.0,25385.0,0.0
2021-10-08,25695.0,25695.0,25695.0,25695.0,0.0
2021-10-11,26090.0,26090.0,26090.0,26090.0,0.0
2021-10-12,25650.0,25650.0,25650.0,25650.0,0.0
2021-10-13,25725.0,25725.0,25725.0,25725.0,0.0
2021-10-14,26185.0,26185.0,26185.0,26185.0,0.0
2021-10-15,26695.0,26695.0,26695.0,26695.0,0.0
2021-10-18,26510.0,26510.0,26510.0,26510.0,0.0
2021-10-19,26850.0,26850.0,26850.0,26850.0,0.0
2021-10-20,26835.0,26835.0,26835.0,26835.0,0.0
2021-10-21,26330.0,26330.0,26330.0,26330.0,0.0
2021-10-22,26450.0,26450.0,26450.0,26450.0,0.0
2021-10-25,26220.0,26220.0,26220.0,26220.0,0.0
2021-10-26,26710.0,26710.0,26710.0,26710.0,0.0
2021-10-27,26585.0,26585.0,26585.0,26585.0,0.0
2021-10-28,26390.0,26390.0,26390.0,26390.0,0.0
2021-10-29,26355.0,26355.0,26355.0,26355.0,0.0
2021-11-01,27105.0,27105.0,27105.0,27105.0,0.0
2021-11-02,27035.0,27035.0,27035.0,27035.0,0.0
2021-11-03,27035.0,27035.0,27035.0,27035.0,0.0
2021-11-04,27410.0,27410.0,27410.0,27410.0,0.0
2021-11-05,27120.0,27120.0,27120.0,27120.0,0.0
2021-11-08,27040.0,27040.0,27040.0,27040.0,0.0
2021-11-09,26805.0,26805.0,26805.0,26805.0,0.0
2021-11-10,26630.0,26630.0,26630.0,26630.0,0.0
2021-11-11,26840.0,26840.0,26840.0,26840.0,0.0
2021-11-12,27105.0,27105.0,27105.0,27105.0,0.0
2021-11-15,27220.0,27220.0,27220.0,27220.0,0.0
2021-11-16,27260.0,27260.0,27260.0,27260.0,0.0
2021-11-17,27210.0,27210.0,27210.0,27210.0,0.0
2021-11-18,27070.0,27070.0,27070.0,27070.0,0.0
2021-11-19,27275.0,27275.0,27275.0,27275.0,0.0
2021-11-22,27310.0,27310.0,27310.0,27310.0,0.0
2021-11-23,27190.0,27190.0,27190.0,27190.0,0.0
2021-11-24,26895.0,26895.0,26895.0,26895.0,0.0
2021-11-25,27035.0,27035.0,27035.0,27035.0,0.0
2021-11-26,26260.0,26260.0,26260.0,26260.0,0.0
2021-11-29,25725.0,25725.0,25725.0,25725.0,0.0
2021-11-30,25075.0,25075.0,25075.0,25075.0,0.0
2021-12-01,25675.0,25675.0,25675.0,25675.0,0.0
2021-12-02,25210.0,25210.0,25210.0,25210.0,0.0
2021-12-03,25575.0,25575.0,25575.0,25575.0,0.0
2021-12-06,25355.0,25355.0,25355.0,25355.0,0.0
2021-12-07,26045.0,26045.0,26045.0,26045.0,0.0
2021-12-08,26390.0,26390.0,26390.0,26390.0,0.0
2021-12-09,26260.0,26260.0,26260.0,26260.0,0.0
2021-12-10,25945.0,25945.0,25945.0,25945.0,0.0
2021-12-13,26180.0,26180.0,26180.0,26180.0,0.0
2021-12-14,25910.0,25910.0,25910.0,25910.0,0.0
2021-12-15,26000.0,26000.0,26000.0,26000.0,0.0
2021-12-16,26550.0,26550.0,26550.0,26550.0,0.0
2021-12-17,26050.0,26050.0,26050.0,26050.0,0.0
2021-12-20,25435.0,25435.0,25435.0,25435.0,0.0
2021-12-21,26010.0,26010.0,26010.0,26010.0,0.0
2021-12-22,26015.0,26015.0,26015.0,26015.0,0.0
2021-12-23,26245.0,26245.0,26245.0,26245.0,0.0
2021-12-24,26255.0,26255.0,26255.0,26255.0,0.0
2021-12-27,26185.0,26185.0,26185.0,26185.0,0.0
2021-12-28,26455.0,26455.0,26455.0,26455.0,0.0
2021-12-29,26400.0,26400.0,26400.0,26400.0,0.0
2021-12-30,26380.0,26380.0,26380.0,26380.0,0.0
2021-12-31,26290.0,26290.0,26290.0,26290.0,0.0
2022-01-03,26415.0,26415.0,26415.0,26415.0,0.0
2022-01-04,26535.0,26535.0,26535.0,26535.0,0.0
2022-01-05,26595.0,26595.0,26595.0,26595.0,0.0
2022-01-06,25825.0,25825.0,25825.0,25825.0,0.0
2022-01-07,25795.0,25795.0,25795.0,25795.0,0.0
2022-01-10,25840.0,25840.0,25840.0,25840.0,0.0
2022-01-11,25500.0,25500.0,25500.0,25500.0,0.0
2022-01-12,26050.0,26050.0,26050.0,26050.0,0.0
2022-01-13,25890.0,25890.0,25890.0,25890.0,0.0
2022-01-14,25550.0,25550.0,25550.0,25550.0,0.0
2022-01-17,25750.0,25750.0,25750.0,25750.0,0.0
2022-01-18,25660.0,25660.0,25660.0,25660.0,0.0
2022-01-19,24900.0,24900.0,24900.0,24900.0,0.0
2022-01-20,25190.0,25190.0,25190.0,25190.0,0.0
2022-01-21,24935.0,24935.0,24935.0,24935.0,0.0
2022-01-24,24960.0,24960.0,24960.0,24960.0,0.0
2022-01-25,24465.0,24465.0,24465.0,24465.0,0.0
2022-01-26,24415.0,24415.0,24415.0,24415.0,0.0
2022-01-27,23610.0,23610.0,23610.0,23610.0,0.0
2022-01-28,24080.0,24080.0,24080.0,24080.0,0.0
2022-01-31,24465.0,24465.0,24465.0,24465.0,0.0
2022-02-01,24440.0,24440.0,24440.0,24440.0,0.0
2022-02-02,24915.0,24915.0,24915.0,24915.0,0.0
2022-02-03,24590.0,24590.0,24590.0,24590.0,0.0
2022-02-04,24800.0,24800.0,24800.0,24800.0,0.0
2022-02-07,24655.0,24655.0,24655.0,24655.0,0.0
2022-02-08,24715.0,24715.0,24715.0,24715.0,0.0
2022-02-09,24960.0,24960.0,24960.0,24960.0,0.0
2022-02-10,25125.0,25125.0,25125.0,25125.0,0.0
2022-02-11,24615.0,24615.0,24615.0,24615.0,0.0
2022-02-14,24465.0,24465.0,24465.0,24465.0,0.0
2022-02-15,24250.0,24250.0,24250.0,24250.0,0.0
2022-02-16,24830.0,24830.0,24830.0,24830.0,0.0
2022-02-17,24640.0,24640.0,24640.0,24640.0,0.0
2022-02-18,24505.0,24505.0,24505.0,24505.0,0.0
2022-02-21,24345.0,24345.0,24345.0,24345.0,0.0
2022-02-22,23825.0,23825.0,23825.0,23825.0,0.0
2022-02-23,24105.0,24105.0,24105.0,24105.0,0.0
2022-02-24,23280.0,23280.0,23280.0,23280.0,0.0
2022-02-25,23885.0,23885.0,23885.0,23885.0,0.0
2022-02-28,23895.0,23895.0,23895.0,23895.0,0.0
2022-03-01,24220.0,24220.0,24220.0,24220.0,0.0
2022-03-02,23645.0,23645.0,23645.0,23645.0,0.0
2022-03-03,23965.0,23965.0,23965.0,23965.0,0.0
2022-03-04,23420.0,23420.0,23420.0,23420.0,0.0
2022-03-07,22525.0,22525.0,22525.0,22525.0,0.0
2022-03-08,21890.0,21890.0,21890.0,21890.0,0.0
2022-03-09,22075.0,22075.0,22075.0,22075.0,0.0
2022-03-10,23035.0,23035.0,23035.0,23035.0,0.0
2022-03-11,22675.0,22675.0,22675.0,22675.0,0.0
2022-03-14,22710.0,22710.0,22710.0,22710.0,0.0
2022-03-15,22730.0,22730.0,22730.0,22730.0,0.0
2022-03-16,23190.0,23190.0,23190.0,23190.0,0.0
2022-03-17,24055.0,24055.0,24055.0,24055.0,0.0
2022-03-18,24335.0,24335.0,24335.0,24335.0,0.0
2022-03-21,24545.0,24545.0,24545.0,24545.0,0.0
2022-03-22,24685.0,24685.0,24685.0,24685.0,0.0
2022-03-23,25465.0,25465.0,25465.0,25465.0,0.0
2022-03-24,25455.0,25455.0,25455.0,25455.0,0.0
2022-03-25,25590.0,25590.0,25590.0,25590.0,0.0
2022-03-28,25145.0,25145.0,25145.0,25145.0,0.0
2022-03-29,25405.0,25405.0,25405.0,25405.0,0.0
2022-03-30,25580.0,25580.0,25580.0,25580.0,0.0
2022-03-31,25360.0,25360.0,25360.0,25360.0,0.0
2022-04-01,25275.0,25275.0,25275.0,25275.0,0.0
2022-04-04,25335.0,25335.0,25335.0,25335.0,0.0
2022-04-05,25350.0,25350.0,25350.0,25350.0,0.0
2022-04-06,25015.0,25015.0,25015.0,25015.0,0.0
2022-04-07,24525.0,24525.0,24525.0,24525.0,0.0
2022-04-08,24645.0,24645.0,24645.0,24645.0,0.0
2022-04-11,24470.0,24470.0,24470.0,24470.0,0.0
2022-04-12,23940.0,23940.0,23940.0,23940.0,0.0
2022-04-13,24485.0,24485.0,24485.0,24485.0,0.0
2022-04-14,24780.0,24780.0,24780.0,24780.0,0.0
2022-04-15,24760.0,24760.0,24760.0,24760.0,0.0
2022-04-18,24360.0,24360.0,24360.0,24360.0,0.0
2022-04-19,24625.0,24625.0,24625.0,24625.0,0.0
2022-04-20,24775.0,24775.0,24775.0,24775.0,0.0
2022-04-21,25105.0,25105.0,25105.0,25105.0,0.0
2022-04-22,24705.0,24705.0,24705.0,24705.0,0.0
2022-04-25,24180.0,24180.0,24180.0,24180.0,0.0
2022-04-26,24215.0,24215.0,24215.0,24215.0,0.0
2022-04-27,23985.0,23985.0,23985.0,23985.0,0.0
2022-04-28,24415.0,24415.0,24415.0,24415.0,0.0
2022-04-29,24935.0,24935.0,24935.0,24935.0,0.0
2022-05-02,24390.0,24390.0,24390.0,24390.0,0.0
2022-05-03,24490.0,24490.0,24490.0,24490.0,0.0
2022-05-04,24670.0,24670.0,24670.0,24670.0,0.0
2022-05-05,24950.0,24950.0,24950.0,24950.0,0.0
2022-05-06,24660.0,24660.0,24660.0,24660.0,0.0
2022-05-09,23985.0,23985.0,23985.0,23985.0,0.0
2022-05-10,23855.0,23855.0,23855.0,23855.0,0.0
2022-05-11,23805.0,23805.0,23805.0,23805.0,0.0
2022-05-12,23320.0,23320.0,23320.0,23320.0,0.0
2022-05-13,23885.0,23885.0,23885.0,23885.0,0.0
2022-05-16,24020.0,24020.0,24020.0,24020.0,0.0
2022-05-17,24140.0,24140.0,24140.0,24140.0,0.0
2022-05-18,24375.0,24375.0,24375.0,24375.0,0.0
2022-05-19,23865.0,23865.0,23865.0,23865.0,0.0
2022-05-20,24220.0,24220.0,24220.0,24220.0,0.0
2022-05-23,24535.0,24535.0,24535.0,24535.0,0.0
2022-05-24,24235.0,24235.0,24235.0,24235.0,0.0
2022-05-25,24120.0,24120.0,24120.0,24120.0,0.0
2022-05-26,24100.0,24100.0,24100.0,24100.0,0.0
2022-05-27,24285.0,24285.0,24285.0,24285.0,0.0
2022-05-30,24850.0,24850.0,24850.0,24850.0,0.0
2022-05-31,24775.0,24775.0,24775.0,24775.0,0.0
2022-06-01,24960.0,24960.0,24960.0,24960.0,0.0
2022-06-02,24935.0,24935.0,24935.0,24935.0,0.0
2022-06-03,25245.0,25245.0,25245.0,25245.0,0.0
2022-06-06,25390.0,25390.0,25390.0,25390.0,0.0
2022-06-07,25515.0,25515.0,25515.0,25515.0,0.0
2022-06-08,25680.0,25680.0,25680.0,25680.0,0.0
2022-06-09,25770.0,25770.0,25770.0,25770.0,0.0
2022-06-10,25400.0,25400.0,25400.0,25400.0,0.0
2022-06-13,24525.0,24525.0,24525.0,24525.0,0.0
2022-06-14,24340.0,24340.0,24340.0,24340.0,0.0
2022-06-15,24105.0,24105.0,24105.0,24105.0,0.0
2022-06-16,24095.0,24095.0,24095.0,24095.0,0.0
2022-06-17,23525.0,23525.0,23525.0,23525.0,0.0
2022-06-20,23450.0,23450.0,23450.0,23450.0,0.0
2022-06-21,23890.0,23890.0,23890.0,23890.0,0.0
2022-06-22,23790.0,23790.0,23790.0,23790.0,0.0
2022-06-23,23750.0,23750.0,23750.0,23750.0,0.0
2022-06-24,24060.0,24060.0,24060.0,24060.0,0.0
2022-06-27,24355.0,24355.0,24355.0,24355.0,0.0
2022-06-28,24665.0,24665.0,24665.0,24665.0,0.0
2022-06-29,24305.0,24305.0,24305.0,24305.0,0.0
2022-06-30,23895.0,23895.0,23895.0,23895.0,0.0
2022-07-01,23400.0,23400.0,23400.0,23400.0,0.0
2022-07-04,23725.0,23725.0,23725.0,23725.0,0.0
2022-07-05,23910.0,23910.0,23910.0,23910.0,0.0
2022-07-06,23515.0,23515.0,23515.0,23515.0,0.0
2022-07-07,24015.0,24015.0,24015.0,24015.0,0.0
2022-07-08,24125.0,24125.0,24125.0,24125.0,0.0
2022-07-11,24255.0,24255.0,24255.0,24255.0,0.0
2022-07-12,23860.0,23860.0,23860.0,23860.0,0.0
2022-07-13,23975.0,23975.0,23975.0,23975.0,0.0
2022-07-14,24230.0,24230.0,24230.0,24230.0,0.0
2022-07-15,24310.0,24310.0,24310.0,24310.0,0.0
2022-07-18,24620.0,24620.0,24620.0,24620.0,0.0
2022-07-19,24460.0,24460.0,24460.0,24460.0,0.0
2022-07-20,25190.0,25190.0,25190.0,25190.0,0.0
2022-07-21,25285.0,25285.0,25285.0,25285.0,0.0
2022-07-22,25350.0,25350.0,25350.0,25350.0,0.0
2022-07-25,25115.0,25115.0,25115.0,25115.0,0.0
2022-07-26,25125.0,25125.0,25125.0,25125.0,0.0
2022-07-27,25215.0,25215.0,25215.0,25215.0,0.0
2022-07-28,25280.0,25280.0,25280.0,25280.0,0.0
2022-07-29,25175.0,25175.0,25175.0,25175.0,0.0
2022-08-01,25390.0,25390.0,25390.0,25390.0,0.0
2022-08-02,25085.0,25085.0,25085.0,25085.0,0.0
2022-08-03,25130.0,25130.0,25130.0,25130.0,0.0
2022-08-04,25325.0,25325.0,25325.0,25325.0,0.0
2022-08-05,25530.0,25530.0,25530.0,25530.0,0.0
2022-08-08,25650.0,25650.0,25650.0,25650.0,0.0
2022-08-09,25370.0,25370.0,25370.0,25370.0,0.0
2022-08-10,25230.0,25230.0,25230.0,25230.0,0.0
2022-08-11,25570.0,25570.0,25570.0,25570.0,0.0
2022-08-12,25950.0,25950.0,25950.0,25950.0,0.0
2022-08-15,26290.0,26290.0,26290.0,26290.0,0.0
2022-08-16,26275.0,26275.0,26275.0,26275.0,0.0
2022-08-17,26605.0,26605.0,26605.0,26605.0,0.0
2022-08-18,26370.0,26370.0,26370.0,26370.0,0.0
2022-08-19,26360.0,26360.0,26360.0,26360.0,0.0
2022-08-22,26205.0,26205.0,26205.0,26205.0,0.0
2022-08-23,25850.0,25850.0,25850.0,25850.0,0.0
2022-08-24,25775.0,25775.0,25775.0,25775.0,0.0
2022-08-25,26045.0,26045.0,26045.0,26045.0,0.0
2022-08-26,26115.0,26115.0,26115.0,26115.0,0.0
2022-08-29,25415.0,25415.0,25415.0,25415.0,0.0
2022-08-30,25695.0,25695.0,25695.0,25695.0,0.0
2022-08-31,25565.0,25565.0,25565.0,25565.0,0.0
2022-09-01,25125.0,25125.0,25125.0,25125.0,0.0
2022-09-02,25200.0,25200.0,25200.0,25200.0,0.0
2022-09-05,25140.0,25140.0,25140.0,25140.0,0.0
2022-09-06,25150.0,25150.0,25150.0,25150.0,0.0
2022-09-07,25065.0,25065.0,25065.0,25065.0,0.0
2022-09-08,25595.0,25595.0,25595.0,25595.0,0.0
2022-09-09,25775.0,25775.0,25775.0,25775.0,0.0
2022-09-12,26025.0,26025.0,26025.0,26025.0,0.0
2022-09-13,26135.0,26135.0,26135.0,26135.0,0.0
2022-09-14,25420.0,25420.0,25420.0,25420.0,0.0
2022-09-15,25455.0,25455.0,25455.0,25455.0,0.0
2022-09-16,25180.0,25180.0,25180.0,25180.0,0.0
2022-09-19,25075.0,25075.0,25075.0,25075.0,0.0
2022-09-20,25245.0,25245.0,25245.0,25245.0,0.0
2022-09-21,24890.0,24890.0,24890.0,24890.0,0.0
2022-09-22,24810.0,24810.0,24810.0,24810.0,0.0
2022-09-23,24510.0,24510.0,24510.0,24510.0,0.0
2022-09-26,24030.0,24030.0,24030.0,24030.0,0.0
2022-09-27,24210.0,24210.0,24210.0,24210.0,0.0
2022-09-28,23765.0,23765.0,23765.0,23765.0,0.0
2022-09-29,24120.0,24120.0,24120.0,24120.0,0.0
2022-09-30,23745.0,23745.0,23745.0,23745.0,0.0
2022-10-03,23915.0,23915.0,23915.0,23915.0,0.0
2022-10-04,24640.0,24640.0,24640.0,24640.0,0.0
2022-10-05,24770.0,24770.0,24770.0,24770.0,0.0
2022-10-06,24980.0,24980.0,24980.0,24980.0,0.0
2022-10-07,24780.0,24780.0,24780.0,24780.0,0.0
2022-10-10,24290.0,24290.0,24290.0,24290.0,0.0
2022-10-11,23940.0,23940.0,23940.0,23940.0,0.0
2022-10-12,23930.0,23930.0,23930.0,23930.0,0.0
2022-10-13,23740.0,23740.0,23740.0,23740.0,0.0
2022-10-14,24580.0,24580.0,24580.0,24580.0,0.0
2022-10-17,24530.0,24530.0,24530.0,24530.0,0.0
2022-10-18,24990.0,24990.0,24990.0,24990.0,0.0
2022-10-19,24985.0,24985.0,24985.0,24985.0,0.0
2022-10-20,24820.0,24820.0,24820.0,24820.0,0.0
2022-10-21,24750.0,24750.0,24750.0,24750.0,0.0
2022-10-24,24855.0,24855.0,24855.0,24855.0,0.0
2022-10-25,25090.0,25090.0,25090.0,25090.0,0.0
2022-10-26,25200.0,25200.0,25200.0,25200.0,0.0
2022-10-27,25015.0,25015.0,25015.0,25015.0,0.0
2022-10-28,24735.0,24735.0,24735.0,24735.0,0.0
2022-10-31,25260.0,25260.0,25260.0,25260.0,0.0
2022-11-01,25400.0,25400.0,25400.0,25400.0,0.0
2022-11-02,25385.0,25385.0,25385.0,25385.0,0.0
2022-11-03,25080.0,25080.0,25080.0,25080.0,0.0
2022-11-04,24980.0,24980.0,24980.0,24980.0,0.0
2022-11-07,25325.0,25325.0,25325.0,25325.0,0.0
2022-11-08,25645.0,25645.0,25645.0,25645.0,0.0
2022-11-09,25410.0,25410.0,25410.0,25410.0,0.0
2022-11-10,25145.0,25145.0,25145.0,25145.0,0.0
2022-11-11,25975.0,25975.0,25975.0,25975.0,0.0
2022-11-14,25720.0,25720.0,25720.0,25720.0,0.0
2022-11-15,25735.0,25735.0,25735.0,25735.0,0.0
2022-11-16,25730.0,25730.0,25730.0,25730.0,0.0
2022-11-17,25680.0,25680.0,25680.0,25680.0,0.0
2022-11-18,25635.0,25635.0,25635.0,25635.0,0.0
2022-11-21,25670.0,25670.0,25670.0,25670.0,0.0
2022-11-22,25825.0,25825.0,25825.0,25825.0,0.0
2022-11-23,26085.0,26085.0,26085.0,26085.0,0.0
2022-11-24,26110.0,26110.0,26110.0,26110.0,0.0
2022-11-25,26085.0,26085.0,26085.0,26085.0,0.0
2022-11-28,25970.0,25970.0,25970.0,25970.0,0.0
2022-11-29,25825.0,25825.0,25825.0,25825.0,0.0
2022-11-30,25830.0,25830.0,25830.0,25830.0,0.0
2022-12-01,26045.0,26045.0,26045.0,26045.0,0.0
2022-12-02,25570.0,25570.0,25570.0,25570.0,0.0
2022-12-05,25655.0,25655.0,25655.0,25655.0,0.0
2022-12-06,25690.0,25690.0,25690.0,25690.0,0.0
2022-12-07,25510.0,25510.0,25510.0,25510.0,0.0
2022-12-08,25370.0,25370.0,25370.0,25370.0,0.0
2022-12-09,25685.0,25685.0,25685.0,25685.0,0.0
2022-12-12,25645.0,25645.0,25645.0,25645.0,0.0
2022-12-13,25770.0,25770.0,25770.0,25770.0,0.0
2022-12-14,25925.0,25925.0,25925.0,25925.0,0.0
2022-12-15,25860.0,25860.0,25860.0,25860.0,0.0
2022-12-16,25370.0,25370.0,25370.0,25370.0,0.0
2022-12-19,25130.0,25130.0,25130.0,25130.0,0.0
2022-12-20,24525.0,24525.0,24525.0,24525.0,0.0
2022-12-21,24425.0,24425.0,24425.0,24425.0,0.0
2022-12-22,24485.0,24485.0,24485.0,24485.0,0.0
2022-12-23,24225.0,24225.0,24225.0,24225.0,0.0
2022-12-26,24465.0,24465.0,24465.0,24465.0,0.0
2022-12-27,24470.0,24470.0,24470.0,24470.0,0.0
2022-12-28,24365.0,24365.0,24365.0,24365.0,0.0
2022-12-29,24105.0,24105.0,24105.0,24105.0,0.0
2022-12-30,24125.0,24125.0,24125.0,24125.0,0.0
2023-01-03,23875.0,23875.0,23875.0,23875.0,0.0
2023-01-04,23765.0,23765.0,23765.0,23765.0,0.0
2023-01-05,23875.0,23875.0,23875.0,23875.0,0.0
2023-01-06,23925.0,23925.0,23925.0,23925.0,0.0
2023-01-09,24245.0,24245.0,24245.0,24245.0,0.0
2023-01-10,24200.0,24200.0,24200.0,24200.0,0.0
2023-01-11,24445.0,24445.0,24445.0,24445.0,0.0
2023-01-12,24465.0,24465.0,24465.0,24465.0,0.0
2023-01-13,24280.0,24280.0,24280.0,24280.0,0.0
2023-01-16,23880.0,23880.0,23880.0,23880.0,0.0
2023-01-17,24215.0,24215.0,24215.0,24215.0,0.0
2023-01-18,24730.0,24730.0,24730.0,24730.0,0.0
2023-01-19,24305.0,24305.0,24305.0,24305.0,0.0
2023-01-20,24505.0,24505.0,24505.0,24505.0,0.0
2023-01-23,24845.0,24845.0,24845.0,24845.0,0.0
2023-01-24,25270.0,25270.0,25270.0,25270.0,0.0
2023-01-25,25350.0,25350.0,25350.0,25350.0,0.0
2023-01-26,25380.0,25380.0,25380.0,25380.0,0.0
2023-01-27,25425.0,25425.0,25425.0,25425.0,0.0
2023-01-30,25415.0,25415.0,25415.0,25415.0,0.0
2023-01-31,25365.0,25365.0,25365.0,25365.0,0.0
2023-02-01,25350.0,25350.0,25350.0,25350.0,0.0
2023-02-02,25440.0,25440.0,25440.0,25440.0,0.0
2023-02-03,25505.0,25505.0,25505.0,25505.0,0.0
2023-02-06,25685.0,25685.0,25685.0,25685.0,0.0
2023-02-07,25620.0,25620.0,25620.0,25620.0,0.0
2023-02-08,25615.0,25615.0,25615.0,25615.0,0.0
2023-02-09,25610.0,25610.0,25610.0,25610.0,0.0
2023-02-10,25765.0,25765.0,25765.0,25765.0,0.0
2023-02-13,25560.0,25560.0,25560.0,25560.0,0.0
2023-02-14,25720.0,25720.0,25720.0,25720.0,0.0
2023-02-15,25525.0,25525.0,25525.0,25525.0,0.0
2023-02-16,25755.0,25755.0,25755.0,25755.0,0.0
2023-02-17,25545.0,25545.0,25545.0,25545.0,0.0
2023-02-20,25605.0,25605.0,25605.0,25605.0,0.0
2023-02-21,25560.0,25560.0,25560.0,25560.0,0.0
2023-02-22,25230.0,25230.0,25230.0,25230.0,0.0
2023-02-23,25230.0,25230.0,25230.0,25230.0,0.0
2023-02-24,25470.0,25470.0,25470.0,25470.0,0.0
2023-02-27,25515.0,25515.0,25515.0,25515.0,0.0
2023-02-28,25450.0,25450.0,25450.0,25450.0,0.0
2023-03-01,25535.0,25535.0,25535.0,25535.0,0.0
2023-03-02,25535.0,25535.0,25535.0,25535.0,0.0
2023-03-03,25890.0,25890.0,25890.0,25890.0,0.0
2023-03-06,26225.0,26225.0,26225.0,26225.0,0.0
2023-03-07,26300.0,26300.0,26300.0,26300.0,0.0
2023-03-08,26415.0,26415.0,26415.0,26415.0,0.0
2023-03-09,26640.0,26640.0,26640.0,26640.0,0.0
2023-03-10,26090.0,26090.0,26090.0,26090.0,0.0
2023-03-13,25790.0,25790.0,25790.0,25790.0,0.0
2023-03-14,24920.0,24920.0,24920.0,24920.0,0.0
2023-03-15,25120.0,25120.0,25120.0,25120.0,0.0
2023-03-16,24765.0,24765.0,24765.0,24765.0,0.0
2023-03-17,25080.0,25080.0,25080.0,25080.0,0.0
2023-03-20,24625.0,24625.0,24625.0,24625.0,0.0
2023-03-21,24835.0,24835.0,24835.0,24835.0,0.0
2023-03-22,25265.0,25265.0,25265.0,25265.0,0.0
2023-03-23,25170.0,25170.0,25170.0,25170.0,0.0
2023-03-24,25200.0,25200.0,25200.0,25200.0,0.0
2023-03-27,25335.0,25335.0,25335.0,25335.0,0.0
2023-03-28,25335.0,25335.0,25335.0,25335.0,0.0
2023-03-29,25635.0,25635.0,25635.0,25635.0,0.0
2023-03-30,25225.0,25225.0,25225.0,25225.0,0.0
2023-03-31,26090.0,26090.0,26090.0,26090.0,0.0
2023-04-03,26210.0,26210.0,26210.0,26210.0,0.0
2023-04-04,26250.0,26250.0,26250.0,26250.0,0.0
2023-04-05,25815.0,25815.0,25815.0,25815.0,0.0
2023-04-06,25515.0,25515.0,25515.0,25515.0,0.0
2023-04-07,25500.0,25500.0,25500.0,25500.0,0.0
2023-04-10,25615.0,25615.0,25615.0,25615.0,0.0
2023-04-11,25855.0,25855.0,25855.0,25855.0,0.0
2023-04-12,26010.0,26010.0,26010.0,26010.0,0.0
2023-04-13,26130.0,26130.0,26130.0,26130.0,0.0
2023-04-14,26365.0,26365.0,26365.0,26365.0,0.0
2023-04-17,26480.0,26480.0,26480.0,26480.0,0.0
2023-04-18,26610.0,26610.0,26610.0,26610.0,0.0
2023-04-19,26530.0,26530.0,26530.0,26530.0,0.0
2023-04-20,26610.0,26610.0,26610.0,26610.0,0.0
2023-04-21,26505.0,26505.0,26505.0,26505.0,0.0
2023-04-24,26520.0,26520.0,26520.0,26520.0,0.0
2023-04-25,26555.0,26555.0,26555.0,26555.0,0.0
2023-04-26,26315.0,26315.0,26315.0,26315.0,0.0
2023-04-27,26395.0,26395.0,26395.0,26395.0,0.0
2023-04-28,26780.0,26780.0,26780.0,26780.0,0.0
2023-05-01,27090.0,27090.0,27090.0,27090.0,0.0
2023-05-02,27040.0,27040.0,27040.0,27040.0,0.0
2023-05-03,26800.0,26800.0,26800.0,26800.0,0.0
2023-05-04,26645.0,26645.0,26645.0,26645.0,0.0
2023-05-05,26690.0,26690.0,26690.0,26690.0,0.0
2023-05-08,26865.0,26865.0,26865.0,26865.0,0.0
2023-05-09,27145.0,27145.0,27145.0,27145.0,0.0
2023-05-10,27060.0,27060.0,27060.0,27060.0,0.0
2023-05-11,27020.0,27020.0,27020.0,27020.0,0.0
2023-05-12,27350.0,27350.0,27350.0,27350.0,0.0
2023-05-15,27630.0,27630.0,27630.0,27630.0,0.0
2023-05-16,27800.0,27800.0,27800.0,27800.0,0.0
2023-05-17,27990.0,27990.0,27990.0,27990.0,0.0
2023-05-18,28545.0,28545.0,28545.0,28545.0,0.0
2023-05-19,28885.0,28885.0,28885.0,28885.0,0.0
2023-05-22,28990.0,28990.0,28990.0,28990.0,0.0
2023-05-23,28855.0,28855.0,28855.0,28855.0,0.0
2023-05-24,28605.0,28605.0,28605.0,28605.0,0.0
2023-05-25,28820.0,28820.0,28820.0,28820.0,0.0
2023-05-26,28945.0,28945.0,28945.0,28945.0,0.0
2023-05-29,29250.0,29250.0,29250.0,29250.0,0.0
2023-05-30,29370.0,29370.0,29370.0,29370.0,0.0
2023-05-31,28825.0,28825.0,28825.0,28825.0,0.0
2023-06-01,29085.0,29085.0,29085.0,29085.0,0.0
2023-06-02,29515.0,29515.0,29515.0,29515.0,0.0
2023-06-05,30215.0,30215.0,30215.0,30215.0,0.0
2023-06-06,30355.0,30355.0,30355.0,30355.0,0.0
2023-06-07,29835.0,29835.0,29835.0,29835.0,0.0
2023-06-08,29655.0,29655.0,29655.0,29655.0,0.0
2023-06-09,30185.0,30185.0,30185.0,30185.0,0.0
2023-06-12,30410.0,30410.0,30410.0,30410.0,0.0
2023-06-13,31035.0,31035.0,31035.0,31035.0,0.0
2023-06-14,31535.0,31535.0,31535.0,31535.0,0.0
2023-06-15,31420.0,31420.0,31420.0,31420.0,0.0
2023-06-16,31625.0,31625.0,31625.0,31625.0,0.0
2023-06-19,31380.0,31380.0,31380.0,31380.0,0.0
2023-06-20,31305.0,31305.0,31305.0,31305.0,0.0
2023-06-21,31535.0,31535.0,31535.0,31535.0,0.0
2023-06-22,31140.0,31140.0,31140.0,31140.0,0.0
2023-06-23,30620.0,30620.0,30620.0,30620.0,0.0
2023-06-26,30575.0,30575.0,30575.0,30575.0,0.0
2023-06-27,30460.0,30460.0,30460.0,30460.0,0.0
2023-06-28,31075.0,31075.0,31075.0,31075.0,0.0
2023-06-29,31105.0,31105.0,31105.0,31105.0,0.0
2023-06-30,31125.0,31125.0,31125.0,31125.0,0.0
2023-07-03,31625.0,31625.0,31625.0,31625.0,0.0
2023-07-04,31265.0,31265.0,31265.0,31265.0,0.0
2023-07-05,31245.0,31245.0,31245.0,31245.0,0.0
2023-07-06,30685.0,30685.0,30685.0,30685.0,0.0
2023-07-07,30435.0,30435.0,30435.0,30435.0,0.0
2023-07-10,30140.0,30140.0,30140.0,30140.0,0.0
2023-07-11,30240.0,30240.0,30240.0,30240.0,0.0
2023-07-12,29950.0,29950.0,29950.0,29950.0,0.0
2023-07-13,30515.0,30515.0,30515.0,30515.0,0.0
2023-07-14,30355.0,30355.0,30355.0,30355.0,0.0
2023-07-18,30380.0,30380.0,30380.0,30380.0,0.0
2023-07-19,31005.0,31005.0,31005.0,31005.0,0.0
2023-07-20,30385.0,30385.0,30385.0,30385.0,0.0
2023-07-21,30280.0,30280.0,30280.0,30280.0,0.0
2023-07-24,30580.0,30580.0,30580.0,30580.0,0.0
2023-07-25,30605.0,30605.0,30605.0,30605.0,0.0
2023-07-26,30555.0,30555.0,30555.0,30555.0,0.0
2023-07-27,30860.0,30860.0,30860.0,30860.0,0.0
2023-07-28,30710.0,30710.0,30710.0,30710.0,0.0
2023-07-31,31295.0,31295.0,31295.0,31295.0,0.0
2023-08-01,31450.0,31450.0,31450.0,31450.0,0.0
2023-08-02,30650.0,30650.0,30650.0,30650.0,0.0
2023-08-03,30310.0,30310.0,30310.0,30310.0,0.0
2023-08-04,30260.0,30260.0,30260.0,30260.0,0.0
2023-08-07,30350.0,30350.0,30350.0,30350.0,0.0
2023-08-08,30420.0,30420.0,30420.0,30420.0,0.0
2023-08-09,30290.0,30290.0,30290.0,30290.0,0.0
2023-08-10,30640.0,30640.0,30640.0,30640.0,0.0
2023-08-11,30700.0,30700.0,30700.0,30700.0,0.0
2023-08-14,30225.0,30225.0,30225.0,30225.0,0.0
2023-08-15,30375.0,30375.0,30375.0,30375.0,0.0
2023-08-16,29920.0,29920.0,29920.0,29920.0,0.0
2023-08-17,29815.0,29815.0,29815.0,29815.0,0.0
2023-08-18,29580.0,29580.0,29580.0,29580.0,0.0
2023-08-21,29665.0,29665.0,29665.0,29665.0,0.0
2023-08-22,30065.0,30065.0,30065.0,30065.0,0.0
2023-08-23,30125.0,30125.0,30125.0,30125.0,0.0
2023-08-24,30345.0,30345.0,30345.0,30345.0,0.0
2023-08-25,29715.0,29715.0,29715.0,29715.0,0.0
2023-08-28,30290.0,30290.0,30290.0,30290.0,0.0
2023-08-29,30325.0,30325.0,30325.0,30325.0,0.0
2023-08-30,30420.0,30420.0,30420.0,30420.0,0.0
2023-08-31,30735.0,30735.0,30735.0,30735.0,0.0
2023-09-01,30780.0,30780.0,30780.0,30780.0,0.0
2023-09-04,31110.0,31110.0,31110.0,31110.0,0.0
2023-09-05,31125.0,31125.0,31125.0,31125.0,0.0
2023-09-06,31365.0,31365.0,31365.0,31365.0,0.0
2023-09-07,31120.0,31120.0,31120.0,31120.0,0.0
2023-09-08,30770.0,30770.0,30770.0,30770.0,0.0
2023-09-11,30690.0,30690.0,30690.0,30690.0,0.0
2023-09-12,31065.0,31065.0,31065.0,31065.0,0.0
2023-09-13,30925.0,30925.0,30925.0,30925.0,0.0
2023-09-14,31440.0,31440.0,31440.0,31440.0,0.0
2023-09-15,31760.0,31760.0,31760.0,31760.0,0.0
2023-09-18,31535.0,31535.0,31535.0,31535.0,0.0
2023-09-19,31530.0,31530.0,31530.0,31530.0,0.0
2023-09-20,31395.0,31395.0,31395.0,31395.0,0.0
2023-09-21,30910.0,30910.0,30910.0,30910.0,0.0
2023-09-22,30750.0,30750.0,30750.0,30750.0,0.0
2023-09-25,30955.0,30955.0,30955.0,30955.0,0.0
2023-09-26,30575.0,30575.0,30575.0,30575.0,0.0
2023-09-27,30635.0,30635.0,30635.0,30635.0,0.0
2023-09-28,30555.0,30555.0,30555.0,30555.0,0.0
2023-09-29,30425.0,30425.0,30425.0,30425.0,0.0
2023-10-02,30225.0,30225.0,30225.0,30225.0,0.0
2023-10-03,29635.0,29635.0,29635.0,29635.0,0.0
2023-10-04,28835.0,28835.0,28835.0,28835.0,0.0
2023-10-05,29420.0,29420.0,29420.0,29420.0,0.0
2023-10-06,29440.0,29440.0,29440.0,29440.0,0.0
2023-10-09,29510.0,29510.0,29510.0,29510.0,0.0
2023-10-10,30095.0,30095.0,30095.0,30095.0,0.0
2023-10-11,30310.0,30310.0,30310.0,30310.0,0.0
2023-10-12,31005.0,31005.0,31005.0,31005.0,0.0
2023-10-13,30635.0,30635.0,30635.0,30635.0,0.0
2023-10-16,30080.0,30080.0,30080.0,30080.0,0.0
2023-10-17,30380.0,30380.0,30380.0,30380.0,0.0
2023-10-18,30475.0,30475.0,30475.0,30475.0,0.0
2023-10-19,29895.0,29895.0,29895.0,29895.0,0.0
2023-10-20,29650.0,29650.0,29650.0,29650.0,0.0
2023-10-23,29455.0,29455.0,29455.0,29455.0,0.0
2023-10-24,29570.0,29570.0,29570.0,29570.0,0.0
2023-10-25,29735.0,29735.0,29735.0,29735.0,0.0
2023-10-26,29060.0,29060.0,29060.0,29060.0,0.0
2023-10-27,29470.0,29470.0,29470.0,29470.0,0.0
2023-10-30,29150.0,29150.0,29150.0,29150.0,0.0
2023-10-31,29375.0,29375.0,29375.0,29375.0,0.0
2023-11-01,30115.0,30115.0,30115.0,30115.0,0.0
2023-11-02,30395.0,30395.0,30395.0,30395.0,0.0
2023-11-03,30895.0,30895.0,30895.0,30895.0,0.0
2023-11-06,31145.0,31145.0,31145.0,31145.0,0.0
2023-11-07,30745.0,30745.0,30745.0,30745.0,0.0
2023-11-08,30610.0,30610.0,30610.0,30610.0,0.0
2023-11-09,31105.0,31105.0,31105.0,31105.0,0.0
2023-11-10,31045.0,31045.0,31045.0,31045.0,0.0
2023-11-13,31085.0,31085.0,31085.0,31085.0,0.0
2023-11-14,31130.0,31130.0,31130.0,31130.0,0.0
2023-11-15,31860.0,31860.0,31860.0,31860.0,0.0
2023-11-16,31825.0,31825.0,31825.0,31825.0,0.0
2023-11-17,31950.0,31950.0,31950.0,31950.0,0.0
2023-11-20,31695.0,31695.0,31695.0,31695.0,0.0
2023-11-21,31675.0,31675.0,31675.0,31675.0,0.0
2023-11-22,31780.0,31780.0,31780.0,31780.0,0.0
2023-11-23,32050.0,32050.0,32050.0,32050.0,0.0
2023-11-24,31995.0,31995.0,31995.0,31995.0,0.0
2023-11-27,31815.0,31815.0,31815.0,31815.0,0.0
2023-11-28,31745.0,31745.0,31745.0,31745.0,0.0
2023-11-29,31585.0,31585.0,31585.0,31585.0,0.0
2023-11-30,31790.0,31790.0,31790.0,31790.0,0.0
2023-12-01,31750.0,31750.0,31750.0,31750.0,0.0
2023-12-04,31440.0,31440.0,31440.0,31440.0,0.0
2023-12-05,31070.0,31070.0,31070.0,31070.0,0.0
2023-12-06,31685.0,31685.0,31685.0,31685.0,0.0
2023-12-07,31310.0,31310.0,31310.0,31310.0,0.0
2023-12-08,30710.0,30710.0,30710.0,30710.0,0.0
2023-12-11,31225.0,31225.0,31225.0,31225.0,0.0
2023-12-12,31125.0,31125.0,31125.0,31125.0,0.0
2023-12-13,31230.0,31230.0,31230.0,31230.0,0.0
2023-12-14,30920.0,30920.0,30920.0,30920.0,0.0
2023-12-15,31295.0,31295.0,31295.0,31295.0,0.0
2023-12-18,31105.0,31105.0,31105.0,31105.0,0.0
2023-12-19,31505.0,31505.0,31505.0,31505.0,0.0
2023-12-20,31930.0,31930.0,31930.0,31930.0,0.0
2023-12-21,31480.0,31480.0,31480.0,31480.0,0.0
2023-12-22,31395.0,31395.0,31395.0,31395.0,0.0
2023-12-25,31575.0,31575.0,31575.0,31575.0,0.0
2023-12-26,31555.0,31555.0,31555.0,31555.0,0.0
2023-12-27,31955.0,31955.0,31955.0,31955.0,0.0
2023-12-28,31850.0,31850.0,31850.0,31850.0,0.0
2023-12-29,31730.0,31730.0,31730.0,31730.0,0.0
2024-01-02,31665.0,31665.0,31665.0,31665.0,0.0
2024-01-03,31560.0,31560.0,31560.0,31560.0,0.0
2024-01-04,31545.0,31545.0,31545.0,31545.0,0.0
2024-01-05,31615.0,31615.0,31615.0,31615.0,0.0
2024-01-08,31595.0,31595.0,31595.0,31595.0,0.0
2024-01-09,32050.0,32050.0,32050.0,32050.0,0.0
2024-01-10,32710.0,32710.0,32710.0,32710.0,0.0
2024-01-11,33490.0,33490.0,33490.0,33490.0,0.0
2024-01-12,33835.0,33835.0,33835.0,33835.0,0.0
2024-01-15,34215.0,34215.0,34215.0,34215.0,0.0
2024-01-16,33920.0,33920.0,33920.0,33920.0,0.0
2024-01-17,33800.0,33800.0,33800.0,33800.0,0.0
2024-01-18,33880.0,33880.0,33880.0,33880.0,0.0
2024-01-19,34320.0,34320.0,34320.0,34320.0,0.0
2024-01-22,34870.0,34870.0,34870.0,34870.0,0.0
2024-01-23,34835.0,34835.0,34835.0,34835.0,0.0
2024-01-24,34655.0,34655.0,34655.0,34655.0,0.0
2024-01-25,34625.0,34625.0,34625.0,34625.0,0.0
2024-01-26,34065.0,34065.0,34065.0,34065.0,0.0
2024-01-29,34385.0,34385.0,34385.0,34385.0,0.0
2024-01-30,34390.0,34390.0,34390.0,34390.0,0.0
2024-01-31,34710.0,34710.0,34710.0,34710.0,0.0
2024-02-01,34245.0,34245.0,34245.0,34245.0,0.0
2024-02-02,34430.0,34430.0,34430.0,34430.0,0.0
2024-02-05,34720.0,34720.0,34720.0,34720.0,0.0
2024-02-06,34440.0,34440.0,34440.0,34440.0,0.0
2024-02-07,34440.0,34440.0,34440.0,34440.0,0.0
2024-02-08,35250.0,35250.0,35250.0,35250.0,0.0
2024-02-09,35250.0,35250.0,35250.0,35250.0,0.0
2024-02-12,35595.0,35595.0,35595.0,35595.0,0.0
2024-02-13,36615.0,36615.0,36615.0,36615.0,0.0
2024-02-14,36115.0,36115.0,36115.0,36115.0,0.0
2024-02-15,36505.0,36505.0,36505.0,36505.0,0.0
2024-02-16,36935.0,36935.0,36935.0,36935.0,0.0
2024-02-19,36850.0,36850.0,36850.0,36850.0,0.0
2024-02-20,36855.0,36855.0,36855.0,36855.0,0.0
2024-02-21,36655.0,36655.0,36655.0,36655.0,0.0
2024-02-22,37490.0,37490.0,37490.0,37490.0,0.0
2024-02-23,37815.0,37815.0,37815.0,37815.0,0.0
2024-02-26,37545.0,37545.0,37545.0,37545.0,0.0
2024-02-27,37565.0,37565.0,37565.0,37565.0,0.0
2024-02-28,37515.0,37515.0,37515.0,37515.0,0.0
2024-02-29,37610.0,37610.0,37610.0,37610.0,0.0
2024-03-01,38340.0,38340.0,38340.0,38340.0,0.0
2024-03-04,38440.0,38440.0,38440.0,38440.0,0.0
2024-03-05,38400.0,38400.0,38400.0,38400.0,0.0
2024-03-06,38385.0,38385.0,38385.0,38385.0,0.0
2024-03-07,37900.0,37900.0,37900.0,37900.0,0.0
2024-03-08,38055.0,38055.0,38055.0,38055.0,0.0
2024-03-11,37125.0,37125.0,37125.0,37125.0,0.0
2024-03-12,37055.0,37055.0,37055.0,37055.0,0.0
2024-03-13,36905.0,36905.0,36905.0,36905.0,0.0
2024-03-14,37155.0,37155.0,37155.0,37155.0,0.0
2024-03-15,36965.0,36965.0,36965.0,36965.0,0.0
2024-03-18,38050.0,38050.0,38050.0,38050.0,0.0
2024-03-19,38185.0,38185.0,38185.0,38185.0,0.0
2024-03-20,38585.0,38585.0,38585.0,38585.0,0.0
2024-03-21,39220.0,39220.0,39220.0,39220.0,0.0
2024-03-22,39345.0,39345.0,39345.0,39345.0,0.0
2024-03-25,38735.0,38735.0,38735.0,38735.0,0.0
2024-03-26,38800.0,38800.0,38800.0,38800.0,0.0
2024-03-27,39045.0,39045.0,39045.0,39045.0,0.0
2024-03-28,38990.0,38990.0,38990.0,38990.0,0.0
2024-03-29,39345.0,39345.0,39345.0,39345.0,0.0
2024-04-01,38415.0,38415.0,38415.0,38415.0,0.0
2024-04-02,38490.0,38490.0,38490.0,38490.0,0.0
2024-04-03,38105.0,38105.0,38105.0,38105.0,0.0
2024-04-04,38405.0,38405.0,38405.0,38405.0,0.0
2024-04-05,37530.0,37530.0,37530.0,37530.0,0.0
2024-04-08,37960.0,37960.0,37960.0,37960.0,0.0
2024-04-09,38365.0,38365.0,38365.0,38365.0,0.0
2024-04-10,38165.0,38165.0,38165.0,38165.0,0.0
2024-04-11,38095.0,38095.0,38095.0,38095.0,0.0
2024-04-12,38215.0,38215.0,38215.0,38215.0,0.0
2024-04-15,37865.0,37865.0,37865.0,37865.0,0.0
2024-04-16,37055.0,37055.0,37055.0,37055.0,0.0
2024-04-17,36555.0,36555.0,36555.0,36555.0,0.0
2024-04-18,36795.0,36795.0,36795.0,36795.0,0.0
2024-04-19,35715.0,35715.0,35715.0,35715.0,0.0
2024-04-22,36065.0,36065.0,36065.0,36065.0,0.0
2024-04-23,36160.0,36160.0,36160.0,36160.0,0.0
2024-04-24,37060.0,37060.0,37060.0,37060.0,0.0
2024-04-25,36240.0,36240.0,36240.0,36240.0,0.0
2024-04-26,36530.0,36530.0,36530.0,36530.0,0.0
2024-04-29,37180.0,37180.0,37180.0,37180.0,0.0
2024-04-30,37070.0,37070.0,37070.0,37070.0,0.0
2024-05-01,36785.0,36785.0,36785.0,36785.0,0.0
2024-05-02,36820.0,36820.0,36820.0,36820.0,0.0
2024-05-03,36455.0,36455.0,36455.0,36455.0,0.0
2024-05-06,37210.0,37210.0,37210.0,37210.0,0.0
2024-05-07,37435.0,37435.0,37435.0,37435.0,0.0
2024-05-08,36810.0,36810.0,36810.0,36810.0,0.0
2024-05-09,36635.0,36635.0,36635.0,36635.0,0.0
2024-05-10,36820.0,36820.0,36820.0,36820.0,0.0
2024-05-13,36705.0,36705.0,36705.0,36705.0,0.0
2024-05-14,36875.0,36875.0,36875.0,36875.0,0.0
2024-05-15,36985.0,36985.0,36985.0,36985.0,0.0
2024-05-16,37460.0,37460.0,37460.0,37460.0,0.0
2024-05-17,37340.0,37340.0,37340.0,37340.0,0.0
2024-05-20,37675.0,37675.0,37675.0,37675.0,0.0
2024-05-21,37550.0,37550.0,37550.0,37550.0,0.0
2024-05-22,37220.0,37220.0,37220.0,37220.0,0.0
2024-05-23,37710.0,37710.0,37710.0,37710.0,0.0
2024-05-24,37220.0,37220.0,37220.0,37220.0,0.0
2024-05-27,37545.0,37545.0,37545.0,37545.0,0.0
2024-05-28,37500.0,37500.0,37500.0,37500.0,0.0
2024-05-29,37190.0,37190.0,37190.0,37190.0,0.0
2024-05-30,36690.0,36690.0,36690.0,36690.0,0.0
2024-05-31,37150.0,37150.0,37150.0,37150.0,0.0
2024-06-03,37605.0,37605.0,37605.0,37605.0,0.0
2024-06-04,37390.0,37390.0,37390.0,37390.0,0.0
2024-06-05,37110.0,37110.0,37110.0,37110.0,0.0
2024-06-06,37345.0,37345.0,37345.0,37345.0,0.0
2024-06-07,37235.0,37235.0,37235.0,37235.0,0.0
2024-06-10,37630.0,37630.0,37630.0,37630.0,0.0
2024-06-11,37840.0,37840.0,37840.0,37840.0,0.0
2024-06-12,37565.0,37565.0,37565.0,37565.0,0.0
2024-06-13,37355.0,37355.0,37355.0,37355.0,0.0
2024-06-14,37435.0,37435.0,37435.0,37435.0,0.0
2024-06-17,36650.0,36650.0,36650.0,36650.0,0.0
2024-06-18,36985.0,36985.0,36985.0,36985.0,0.0
2024-06-19,37080.0,37080.0,37080.0,37080.0,0.0
2024-06-20,37205.0,37205.0,37205.0,37205.0,0.0
2024-06-21,37205.0,37205.0,37205.0,37205.0,0.0
2024-06-24,37375.0,37375.0,37375.0,37375.0,0.0
2024-06-25,37760.0,37760.0,37760.0,37760.0,0.0
2024-06-26,38275.0,38275.0,38275.0,38275.0,0.0
2024-06-27,38150.0,38150.0,38150.0,38150.0,0.0
2024-06-28,38310.0,38310.0,38310.0,38310.0,0.0
2024-07-01,38345.0,38345.0,38345.0,38345.0,0.0
2024-07-02,38805.0,38805.0,38805.0,38805.0,0.0
2024-07-03,39310.0,39310.0,39310.0,39310.0,0.0
2024-07-04,39560.0,39560.0,39560.0,39560.0,0.0
2024-07-05,39525.0,39525.0,39525.0,39525.0,0.0
2024-07-08,39535.0,39535.0,39535.0,39535.0,0.0
2024-07-09,40335.0,40335.0,40335.0,40335.0,0.0
2024-07-10,40615.0,40615.0,40615.0,40615.0,0.0
2024-07-11,41065.0,41065.0,41065.0,41065.0,0.0
2024-07-12,39820.0,39820.0,39820.0,39820.0,0.0
2024-07-15,39860.0,39860.0,39860.0,39860.0,0.0
2024-07-16,39815.0,39815.0,39815.0,39815.0,0.0
2024-07-17,39605.0,39605.0,39605.0,39605.0,0.0
2024-07-18,38875.0,38875.0,38875.0,38875.0,0.0
2024-07-19,38645.0,38645.0,38645.0,38645.0,0.0
2024-07-22,38090.0,38090.0,38090.0,38090.0,0.0
2024-07-23,38145.0,38145.0,38145.0,38145.0,0.0
2024-07-24,37705.0,37705.0,37705.0,37705.0,0.0
2024-07-25,36470.0,36470.0,36470.0,36470.0,0.0
2024-07-26,36305.0,36305.0,36305.0,36305.0,0.0
2024-07-29,37010.0,37010.0,37010.0,37010.0,0.0
2024-07-30,37115.0,37115.0,37115.0,37115.0,0.0
2024-07-31,37910.0,37910.0,37910.0,37910.0,0.0
2024-08-01,36690.0,36690.0,36690.0,36690.0,0.0
2024-08-02,34490.0,34490.0,34490.0,34490.0,0.0
2024-08-05,29400.0,29400.0,29400.0,29400.0,0.0
2024-08-06,32515.0,32515.0,32515.0,32515.0,0.0
2024-08-07,33270.0,33270.0,33270.0,33270.0,0.0
2024-08-08,33340.0,33340.0,33340.0,33340.0,0.0
2024-08-09,33480.0,33480.0,33480.0,33480.0,0.0
2024-08-12,33865.0,33865.0,33865.0,33865.0,0.0
2024-08-13,34630.0,34630.0,34630.0,34630.0,0.0
2024-08-14,34840.0,34840.0,34840.0,34840.0,0.0
2024-08-15,35065.0,35065.0,35065.0,35065.0,0.0
2024-08-16,36570.0,36570.0,36570.0,36570.0,0.0
2024-08-19,35690.0,35690.0,35690.0,35690.0,0.0
2024-08-20,36580.0,36580.0,36580.0,36580.0,0.0
2024-08-21,36435.0,36435.0,36435.0,36435.0,0.0
2024-08-22,36720.0,36720.0,36720.0,36720.0,0.0
2024-08-23,36885.0,36885.0,36885.0,36885.0,0.0
2024-08-26,36530.0,36530.0,36530.0,36530.0,0.0
2024-08-27,36780.0,36780.0,36780.0,36780.0,0.0
2024-08-28,36900.0,36900.0,36900.0,36900.0,0.0
2024-08-29,36895.0,36895.0,36895.0,36895.0,0.0
2024-08-30,37220.0,37220.0,37220.0,37220.0,0.0
2024-09-02,37260.0,37260.0,37260.0,37260.0,0.0
2024-09-03,37305.0,37305.0,37305.0,37305.0,0.0
2024-09-04,35555.0,35555.0,35555.0,35555.0,0.0
2024-09-05,35035.0,35035.0,35035.0,35035.0,0.0
2024-09-06,34810.0,34810.0,34810.0,34810.0,0.0
2024-09-09,34745.0,34745.0,34745.0,34745.0,0.0
2024-09-10,34700.0,34700.0,34700.0,34700.0,0.0
2024-09-11,34300.0,34300.0,34300.0,34300.0,0.0
2024-09-12,35325.0,35325.0,35325.0,35325.0,0.0
2024-09-13,35075.0,35075.0,35075.0,35075.0,0.0
2024-09-16,34845.0,34845.0,34845.0,34845.0,0.0
2024-09-17,34735.0,34735.0,34735.0,34735.0,0.0
2024-09-18,34910.0,34910.0,34910.0,34910.0,0.0
2024-09-19,35685.0,35685.0,35685.0,35685.0,0.0
2024-09-20,36255.0,36255.0,36255.0,36255.0,0.0
2024-09-23,36945.0,36945.0,36945.0,36945.0,0.0
2024-09-24,36550.0,36550.0,36550.0,36550.0,0.0
2024-09-25,36345.0,36345.0,36345.0,36345.0,0.0
2024-09-26,37360.0,37360.0,37360.0,37360.0,0.0
2024-09-27,37330.0,37330.0,37330.0,37330.0,0.0
2024-09-30,36565.0,36565.0,36565.0,36565.0,0.0
2024-10-01,37445.0,37445.0,37445.0,37445.0,0.0
2024-10-02,36465.0,36465.0,36465.0,36465.0,0.0
2024-10-03,37315.0,37315.0,37315.0,37315.0,0.0
2024-10-04,37290.0,37290.0,37290.0,37290.0,0.0
2024-10-07,38190.0,38190.0,38190.0,38190.0,0.0
2024-10-08,37695.0,37695.0,37695.0,37695.0,0.0
2024-10-09,38045.0,38045.0,38045.0,38045.0,0.0
2024-10-10,38110.0,38110.0,38110.0,38110.0,0.0
2024-10-11,38395.0,38395.0,38395.0,38395.0,0.0
2024-10-14,38480.0,38480.0,38480.0,38480.0,0.0
2024-10-15,38675.0,38675.0,38675.0,38675.0,0.0
2024-10-16,37940.0,37940.0,37940.0,37940.0,0.0
2024-10-17,37935.0,37935.0,37935.0,37935.0,0.0
2024-10-18,37845.0,37845.0,37845.0,37845.0,0.0
2024-10-21,37840.0,37840.0,37840.0,37840.0,0.0
2024-10-22,37245.0,37245.0,37245.0,37245.0,0.0
2024-10-23,36860.0,36860.0,36860.0,36860.0,0.0
2024-10-24,36940.0,36940.0,36940.0,36940.0,0.0
2024-10-25,36790.0,36790.0,36790.0,36790.0,0.0
2024-10-28,37385.0,37385.0,37385.0,37385.0,0.0
2024-10-29,37760.0,37760.0,37760.0,37760.0,0.0
2024-10-30,38315.0,38315.0,38315.0,38315.0,0.0
2024-10-31,37830.0,37830.0,37830.0,37830.0,0.0
2024-11-01,36895.0,36895.0,36895.0,36895.0,0.0
2024-11-04,37310.0,37310.0,37310.0,37310.0,0.0
2024-11-05,37350.0,37350.0,37350.0,37350.0,0.0
2024-11-06,38445.0,38445.0,38445.0,38445.0,0.0
2024-11-07,38070.0,38070.0,38070.0,38070.0,0.0
2024-11-08,38325.0,38325.0,38325.0,38325.0,0.0
2024-11-11,38330.0,38330.0,38330.0,38330.0,0.0
2024-11-12,38220.0,38220.0,38220.0,38220.0,0.0
2024-11-13,37480.0,37480.0,37480.0,37480.0,0.0
2024-11-14,37375.0,37375.0,37375.0,37375.0,0.0
2024-11-15,37510.0,37510.0,37510.0,37510.0,0.0
2024-11-18,37115.0,37115.0,37115.0,37115.0,0.0
2024-11-19,37230.0,37230.0,37230.0,37230.0,0.0
2024-11-20,37225.0,37225.0,37225.0,37225.0,0.0
2024-11-21,36895.0,36895.0,36895.0,36895.0,0.0
2024-11-22,37185.0,37185.0,37185.0,37185.0,0.0
2024-11-25,37605.0,37605.0,37605.0,37605.0,0.0
2024-11-26,37315.0,37315.0,37315.0,37315.0,0.0
2024-11-27,36940.0,36940.0,36940.0,36940.0,0.0
2024-11-28,37210.0,37210.0,37210.0,37210.0,0.0
2024-11-29,37025.0,37025.0,37025.0,37025.0,0.0
2024-12-02,37355.0,37355.0,37355.0,37355.0,0.0
2024-12-03,38105.0,38105.0,38105.0,38105.0,0.0
2024-12-04,38100.0,38100.0,38100.0,38100.0,0.0
2024-12-05,38235.0,38235.0,38235.0,38235.0,0.0
2024-12-06,37910.0,37910.0,37910.0,37910.0,0.0
2024-12-09,37945.0,37945.0,37945.0,37945.0,0.0
2024-12-10,38220.0,38220.0,38220.0,38220.0,0.0
2024-12-11,38250.0,38250.0,38250.0,38250.0,0.0
2024-12-12,38660.0,38660.0,38660.0,38660.0,0.0
2024-12-13,38340.0,38340.0,38340.0,38340.0,0.0
2024-12-16,38320.0,38320.0,38320.0,38320.0,0.0
2024-12-17,38300.0,38300.0,38300.0,38300.0,0.0
2024-12-18,38055.0,38055.0,38055.0,38055.0,0.0
2024-12-19,37930.0,37930.0,37930.0,37930.0,0.0
2024-12-20,37535.0,37535.0,37535.0,37535.0,0.0
2024-12-23,38030.0,38030.0,38030.0,38030.0,0.0
2024-12-24,37980.0,37980.0,37980.0,37980.0,0.0
2024-12-25,38120.0,38120.0,38120.0,38120.0,0.0
2024-12-26,38385.0,38385.0,38385.0,38385.0,0.0
2024-12-27,39160.0,39160.0,39160.0,39160.0,0.0
2024-12-30,38825.0,38825.0,38825.0,38825.0,0.0
2024-12-31,38180.0,38180.0,38180.0,38180.0,0.0
2025-01-02,38310.0,38310.0,38310.0,38310.0,0.0
2025-01-03,38200.0,38200.0,38200.0,38200.0,0.0
2025-01-06,38245.0,38245.0,38245.0,38245.0,0.0
2025-01-07,38915.0,38915.0,38915.0,38915.0,0.0
2025-01-08,38885.0,38885.0,38885.0,38885.0,0.0
2025-01-09,38480.0,38480.0,38480.0,38480.0,0.0
2025-01-10,38130.0,38130.0,38130.0,38130.0,0.0
2025-01-13,37385.0,37385.0,37385.0,37385.0,0.0
2025-01-14,37395.0,37395.0,37395.0,37395.0,0.0
2025-01-15,37330.0,37330.0,37330.0,37330.0,0.0
2025-01-16,37565.0,37565.0,37565.0,37565.0,0.0
2025-01-17,37385.0,37385.0,37385.0,37385.0,0.0
2025-01-20,37815.0,37815.0,37815.0,37815.0,0.0
2025-01-21,37875.0,37875.0,37875.0,37875.0,0.0
2025-01-22,38490.0,38490.0,38490.0,38490.0,0.0
2025-01-23,38840.0,38840.0,38840.0,38840.0,0.0
2025-01-24,39015.0,39015.0,39015.0,39015.0,0.0
2025-01-27,38530.0,38530.0,38530.0,38530.0,0.0
2025-01-28,38025.0,38025.0,38025.0,38025.0,0.0
2025-01-29,38510.0,38510.0,38510.0,38510.0,0.0
2025-01-30,38365.0,38365.0,38365.0,38365.0,0.0
2025-01-31,38580.0,38580.0,38580.0,38580.0,0.0
2025-02-03,37535.0,37535.0,37535.0,37535.0,0.0
2025-02-04,37760.0,37760.0,37760.0,37760.0,0.0
2025-02-05,37715.0,37715.0,37715.0,37715.0,0.0
2025-02-06,38035.0,38035.0,38035.0,38035.0,0.0
2025-02-07,37820.0,37820.0,37820.0,37820.0,0.0
2025-02-10,37795.0,37795.0,37795.0,37795.0,0.0
2025-02-11,37790.0,37790.0,37790.0,37790.0,0.0
2025-02-12,37970.0,37970.0,37970.0,37970.0,0.0
2025-02-13,38425.0,38425.0,38425.0,38425.0,0.0
2025-02-14,38145.0,38145.0,38145.0,38145.0,0.0
2025-02-17,38230.0,38230.0,38230.0,38230.0,0.0
2025-02-18,38365.0,38365.0,38365.0,38365.0,0.0
2025-02-19,38210.0,38210.0,38210.0,38210.0,0.0
2025-02-20,37750.0,37750.0,37750.0,37750.0,0.0
2025-02-21,37795.0,37795.0,37795.0,37795.0,0.0
2025-02-24,37355.0,37355.0,37355.0,37355.0,0.0
2025-02-25,37215.0,37215.0,37215.0,37215.0,0.0
2025-02-26,37180.0,37180.0,37180.0,37180.0,0.0
2025-02-27,37275.0,37275.0,37275.0,37275.0,0.0
2025-02-28,36090.0,36090.0,36090.0,36090.0,0.0
2025-03-03,36885.0,36885.0,36885.0,36885.0,0.0
2025-03-04,36405.0,36405.0,36405.0,36405.0,0.0
2025-03-05,36420.0,36420.0,36420.0,36420.0,0.0
2025-03-06,36745.0,36745.0,36745.0,36745.0,0.0
2025-03-07,35770.0,35770.0,35770.0,35770.0,0.0
2025-03-10,36090.0,36090.0,36090.0,36090.0,0.0
2025-03-11,35705.0,35705.0,35705.0,35705.0,0.0
2025-03-12,35775.0,35775.0,35775.0,35775.0,0.0
2025-03-13,35830.0,35830.0,35830.0,35830.0,0.0
2025-03-14,36125.0,36125.0,36125.0,36125.0,0.0
2025-03-17,36490.0,36490.0,36490.0,36490.0,0.0
2025-03-18,36855.0,36855.0,36855.0,36855.0,0.0
2025-03-19,36780.0,36780.0,36780.0,36780.0,0.0
2025-03-20,36820.0,36820.0,36820.0,36820.0,0.0
2025-03-21,36745.0,36745.0,36745.0,36745.0,0.0
2025-03-24,36670.0,36670.0,36670.0,36670.0,0.0
2025-03-25,36875.0,36875.0,36875.0,36875.0,0.0
2025-03-26,37125.0,37125.0,37125.0,37125.0,0.0
2025-03-27,36730.0,36730.0,36730.0,36730.0,0.0
2025-03-28,36250.0,36250.0,36250.0,36250.0,0.0
2025-03-31,34870.0,34870.0,34870.0,34870.0,0.0
2025-04-01,34835.0,34835.0,34835.0,34835.0,0.0
2025-04-02,34865.0,34865.0,34865.0,34865.0,0.0
2025-04-03,33775.0,33775.0,33775.0,33775.0,0.0
2025-04-04,32620.0,32620.0,32620.0,32620.0,0.0
2025-04-07,29565.0,29565.0,29565.0,29565.0,0.0
2025-04-08,32075.0,32075.0,32075.0,32075.0,0.0
2025-04-09,30655.0,30655.0,30655.0,30655.0,0.0
2025-04-10,33615.0,33615.0,33615.0,33615.0,0.0
2025-04-11,32360.0,32360.0,32360.0,32360.0,0.0
2025-04-14,33115.0,33115.0,33115.0,33115.0,0.0
2025-04-15,33385.0,33385.0,33385.0,33385.0,0.0
2025-04-16,33035.0,33035.0,33035.0,33035.0,0.0
2025-04-17,33530.0,33530.0,33530.0,33530.0,0.0
2025-04-18,33975.0,33975.0,33975.0,33975.0,0.0
2025-04-21,33365.0,33365.0,33365.0,33365.0,0.0
2025-04-22,33485.0,33485.0,33485.0,33485.0,0.0
2025-04-23,34045.0,34045.0,34045.0,34045.0,0.0
2025-04-24,34155.0,34155.0,34155.0,34155.0,0.0
2025-04-25,34965.0,34965.0,34965.0,34965.0,0.0
2025-04-28,35035.0,35035.0,35035.0,35035.0,0.0
2025-04-29,35170.0,35170.0,35170.0,35170.0,0.0
2025-04-30,35210.0,35210.0,35210.0,35210.0,0.0
2025-05-01,35670.0,35670.0,35670.0,35670.0,0.0
2025-05-02,35940.0,35940.0,35940.0,35940.0,0.0
2025-05-05,36135.0,36135.0,36135.0,36135.0,0.0
2025-05-06,36240.0,36240.0,36240.0,36240.0,0.0
2025-05-07,35925.0,35925.0,35925.0,35925.0,0.0
2025-05-08,36250.0,36250.0,36250.0,36250.0,0.0
2025-05-09,36660.0,36660.0,36660.0,36660.0,0.0
2025-05-12,36840.0,36840.0,36840.0,36840.0,0.0
2025-05-13,37370.0,37370.0,37370.0,37370.0,0.0
2025-05-14,37355.0,37355.0,37355.0,37355.0,0.0
2025-05-15,36870.0,36870.0,36870.0,36870.0,0.0
2025-05-16,36920.0,36920.0,36920.0,36920.0,0.0
2025-05-19,36570.0,36570.0,36570.0,36570.0,0.0
2025-05-20,36720.0,36720.0,36720.0,36720.0,0.0
2025-05-21,36460.0,36460.0,36460.0,36460.0,0.0
2025-05-22,36190.0,36190.0,36190.0,36190.0,0.0
2025-05-23,36360.0,36360.0,36360.0,36360.0,0.0
2025-05-26,36780.0,36780.0,36780.0,36780.0,0.0
2025-05-27,37005.0,37005.0,37005.0,37005.0,0.0
2025-05-28,36940.0,36940.0,36940.0,36940.0,0.0
2025-05-29,37585.0,37585.0,37585.0,37585.0,0.0
2025-05-30,37140.0,37140.0,37140.0,37140.0,0.0
2025-06-02,36660.0,36660.0,36660.0,36660.0,0.0
2025-06-03,36710.0,36710.0,36710.0,36710.0,0.0
2025-06-04,36985.0,36985.0,36985.0,36985.0,0.0
2025-06-05,36705.0,36705.0,36705.0,36705.0,0.0
2025-06-06,36900.0,36900.0,36900.0,36900.0,0.0
2025-06-09,37280.0,37280.0,37280.0,37280.0,0.0
2025-06-10,37375.0,37375.0,37375.0,37375.0,0.0
2025-06-11,37590.0,37590.0,37590.0,37590.0,0.0
2025-06-12,37295.0,37295.0,37295.0,37295.0,0.0
2025-06-13,36985.0,36985.0,36985.0,36985.0,0.0
2025-06-16,37535.0,37535.0,37535.0,37535.0,0.0
2025-06-17,37670.0,37670.0,37670.0,37670.0,0.0
2025-06-18,37985.0,37985.0,37985.0,37985.0,0.0
2025-06-19,37655.0,37655.0,37655.0,37655.0,0.0
2025-06-20,37530.0,37530.0,37530.0,37530.0,0.0
2025-06-23,37530.0,37530.0,37530.0,37530.0,0.0
2025-06-24,37920.0,37920.0,37920.0,37920.0,0.0
2025-06-25,38025.0,38025.0,38025.0,38025.0,0.0
2025-06-26,38635.0,38635.0,38635.0,38635.0,0.0
2025-06-27,39370.0,39370.0,39370.0,39370.0,0.0
2025-06-30,39610.0,39610.0,39610.0,39610.0,0.0
2025-07-01,38985.0,38985.0,38985.0,38985.0,0.0
2025-07-02,38920.0,38920.0,38920.0,38920.0,0.0
2025-07-03,38850.0,38850.0,38850.0,38850.0,0.0
2025-07-04,38910.0,38910.0,38910.0,38910.0,0.0
2025-07-07,38715.0,38715.0,38715.0,38715.0,0.0
2025-07-08,38945.0,38945.0,38945.0,38945.0,0.0
2025-07-09,38950.0,38950.0,38950.0,38950.0,0.0
2025-07-10,38790.0,38790.0,38790.0,38790.0,0.0
2025-07-11,38695.0,38695.0,38695.0,38695.0,0.0
2025-07-14,38585.0,38585.0,38585.0,38585.0,0.0
2025-07-15,38795.0,38795.0,38795.0,38795.0,0.0
2025-07-16,38770.0,38770.0,38770.0,38770.0,0.0
2025-07-17,39030.0,39030.0,39030.0,39030.0,0.0
2025-07-18,38975.0,38975.0,38975.0,38975.0,0.0
2025-07-21,38985.0,38985.0,38985.0,38985.0,0.0
2025-07-22,38875.0,38875.0,38875.0,38875.0,0.0
2025-07-23,40375.0,40375.0,40375.0,40375.0,0.0
2025-07-24,41065.0,41065.0,41065.0,41065.0,0.0
2025-07-25,40560.0,40560.0,40560.0,40560.0,0.0
2025-07-28,40170.0,40170.0,40170.0,40170.0,0.0
2025-07-29,40020.0,40020.0,40020.0,40020.0,0.0
2025-07-30,39855.0,39855.0,39855.0,39855.0,0.0
2025-07-31,40440.0,40440.0,40440.0,40440.0,0.0
2025-08-01,40035.0,40035.0,40035.0,40035.0,0.0
2025-08-04,39475.0,39475.0,39475.0,39475.0,0.0
2025-08-05,39805.0,39805.0,39805.0,39805.0,0.0
2025-08-06,39970.0,39970.0,39970.0,39970.0,0.0
2025-08-07,40135.0,40135.0,40135.0,40135.0,0.0
2025-08-08,41010.0,41010.0,41010.0,41010.0,0.0
2025-08-11,41600.0,41600.0,41600.0,41600.0,0.0
2025-08-12,41805.0,41805.0,41805.0,41805.0,0.0
2025-08-13,42565.0,42565.0,42565.0,42565.0,0.0
2025-08-14,41840.0,41840.0,41840.0,41840.0,0.0
2025-08-15,42655.0,42655.0,42655.0,42655.0,0.0
2025-08-18,42965.0,42965.0,42965.0,42965.0,0.0
2025-08-19,42850.0,42850.0,42850.0,42850.0,0.0
2025-08-20,42235.0,42235.0,42235.0,42235.0,0.0
2025-08-21,41930.0,41930.0,41930.0,41930.0,0.0
2025-08-22,41895.0,41895.0,41895.0,41895.0,0.0
2025-08-25,42055.0,42055.0,42055.0,42055.0,0.0
2025-08-26,41640.0,41640.0,41640.0,41640.0,0.0
2025-08-27,41810.0,41810.0,41810.0,41810.0,0.0
2025-08-28,42225.0,42225.0,42225.0,42225.0,0.0
2025-08-29,42010.0,42010.0,42010.0,42010.0,0.0
2025-09-01,41530.0,41530.0,41530.0,41530.0,0.0
2025-09-02,41685.0,41685.0,41685.0,41685.0,0.0
2025-09-03,41305.0,41305.0,41305.0,41305.0,0.0
2025-09-04,41925.0,41925.0,41925.0,41925.0,0.0
2025-09-05,42350.0,42350.0,42350.0,42350.0,0.0
2025-09-08,42890.0,42890.0,42890.0,42890.0,0.0
2025-09-09,42835.0,42835.0,42835.0,42835.0,0.0
2025-09-10,43155.0,43155.0,43155.0,43155.0,0.0
2025-09-11,43715.0,43715.0,43715.0,43715.0,0.0
2025-09-12,44025.0,44025.0,44025.0,44025.0,0.0
2025-09-15,44075.0,44075.0,44075.0,44075.0,0.0
2025-09-16,44155.0,44155.0,44155.0,44155.0,0.0
2025-09-17,44155.0,44155.0,44155.0,44155.0,0.0
2025-09-18,44800.0,44800.0,44800.0,44800.0,0.0
2025-09-19,44315.0,44315.0,44315.0,44315.0,0.0
2025-09-22,44910.0,44910.0,44910.0,44910.0,0.0
2025-09-23,45110.0,45110.0,45110.0,45110.0,0.0
2025-09-24,45030.0,45030.0,45030.0,45030.0,0.0
2025-09-25,45065.0,45065.0,45065.0,45065.0,0.0
2025-09-26,44715.0,44715.0,44715.0,44715.0,0.0
2025-09-29,44710.0,44710.0,44710.0,44710.0,0.0
2025-09-30,44525.0,44525.0,44525.0,44525.0,0.0
2025-10-01,44025.0,44025.0,44025.0,44025.0,0.0
2025-10-02,44595.0,44595.0,44595.0,44595.0,0.0
2025-10-03,45540.0,45540.0,45540.0,45540.0,0.0
2025-10-06,47770.0,47770.0,47770.0,47770.0,0.0
2025-10-07,47585.0,47585.0,47585.0,47585.0,0.0
2025-10-08,47430.0,47430.0,47430.0,47430.0,0.0
2025-10-09,48090.0,48090.0,48090.0,48090.0,0.0
2025-10-10,47065.0,47065.0,47065.0,47065.0,0.0
2025-10-13,46230.0,46230.0,46230.0,46230.0,0.0
2025-10-14,46090.0,46090.0,46090.0,46090.0,0.0
2025-10-15,47060.0,47060.0,47060.0,47060.0,0.0
2025-10-16,47745.0,47745.0,47745.0,47745.0,0.0
2025-10-17,46785.0,46785.0,46785.0,46785.0,0.0
2025-10-20,48855.0,48855.0,48855.0,48855.0,0.0
2025-10-21,48810.0,48810.0,48810.0,48810.0,0.0
2025-10-22,48905.0,48905.0,48905.0,48905.0,0.0
2025-10-23,48360.0,48360.0,48360.0,48360.0,0.0
2025-10-24,48910.0,48910.0,48910.0,48910.0,0.0
2025-10-27,50220.0,50220.0,50220.0,50220.0,0.0
2025-10-28,50035.0,50035.0,50035.0,50035.0,0.0
2025-10-29,51035.0,51035.0,51035.0,51035.0,0.0
2025-10-30,51095.0,51095.0,51095.0,51095.0,0.0
2025-10-31,52075.0,52075.0,52075.0,52075.0,0.0
2025-11-03,51970.0,51970.0,51970.0,51970.0,0.0
2025-11-04,51240.0,51240.0,51240.0,51240.0,0.0
2025-11-05,50145.0,50145.0,50145.0,50145.0,0.0
2025-11-06,50535.0,50535.0,50535.0,50535.0,0.0
2025-11-07,49915.0,49915.0,49915.0,49915.0,0.0
2025-11-10,50670.0,50670.0,50670.0,50670.0,0.0
2025-11-11,50790.0,50790.0,50790.0,50790.0,0.0
2025-11-12,50755.0,50755.0,50755.0,50755.0,0.0
2025-11-13,50925.0,50925.0,50925.0,50925.0,0.0
2025-11-14,49980.0,49980.0,49980.0,49980.0,0.0
2025-11-17,49875.0,49875.0,49875.0,49875.0,0.0
2025-11-18,48130.0,48130.0,48130.0,48130.0,0.0
2025-11-19,48245.0,48245.0,48245.0,48245.0,0.0
2025-11-20,49590.0,49590.0,49590.0,49590.0,0.0
2025-11-21,48375.0,48375.0,48375.0,48375.0,0.0
2025-11-24,48595.0,48595.0,48595.0,48595.0,0.0
2025-11-25,48255.0,48255.0,48255.0,48255.0,0.0
2025-11-26,49340.0,49340.0,49340.0,49340.0,0.0
2025-11-27,49760.0,49760.0,49760.0,49760.0,0.0
2025-11-28,49960.0,49960.0,49960.0,49960.0,0.0
2025-12-01,48980.0,48980.0,48980.0,48980.0,0.0
2025-12-02,48965.0,48965.0,48965.0,48965.0,0.0
2025-12-03,49540.0,49540.0,49540.0,49540.0,0.0
2025-12-04,50675.0,50675.0,50675.0,50675.0,0.0
2025-12-05,50125.0,50125.0,50125.0,50125.0,0.0
2025-12-08,50295.0,50295.0,50295.0,50295.0,0.0
2025-12-09,50540.0,50540.0,50540.0,50540.0,0.0
2025-12-10,50320.0,50320.0,50320.0,50320.0,0.0
2025-12-11,49915.0,49915.0,49915.0,49915.0,0.0
2025-12-12,50415.0,50415.0,50415.0,50415.0,0.0
2025-12-15,49865.0,49865.0,49865.0,49865.0,0.0
2025-12-16,49185.0,49185.0,49185.0,49185.0,0.0
2025-12-17,49350.0,49350.0,49350.0,49350.0,0.0
2025-12-18,48785.0,48785.0,48785.0,48785.0,0.0
2025-12-19,49180.0,49180.0,49180.0,49180.0,0.0
2025-12-22,50135.0,50135.0,50135.0,50135.0,0.0
2025-12-23,50140.0,50140.0,50140.0,50140.0,0.0
2025-12-24,50025.0,50025.0,50025.0,50025.0,0.0
2025-12-25,50165.0,50165.0,50165.0,50165.0,0.0
2025-12-26,50415.0,50415.0,50415.0,50415.0,0.0
2025-12-29,50145.0,50145.0,50145.0,50145.0,0.0
2025-12-30,50180.0,50180.0,50180.0,50180.0,0.0
2025-12-31,50145.0,50145.0,50145.0,50145.0,0.0
2026-01-02,50655.0,50655.0,50655.0,50655.0,0.0
2026-01-05,51605.0,51605.0,51605.0,51605.0,0.0
2026-01-06,52380.0,52380.0,52380.0,52380.0,0.0
2026-01-07,51755.0,51755.0,51755.0,51755.0,0.0
2026-01-08,50955.0,50955.0,50955.0,50955.0,0.0
2026-01-09,51730.0,51730.0,51730.0,51730.0,0.0
2026-01-12,53575.0,53575.0,53575.0,53575.0,0.0
2026-01-13,53515.0,53515.0,53515.0,53515.0,0.0
2026-01-14,54120.0,54120.0,54120.0,54120.0,0.0
2026-01-15,53950.0,53950.0,53950.0,53950.0,0.0
2026-01-16,53825.0,53825.0,53825.0,53825.0,0.0
2026-01-19,53370.0,53370.0,53370.0,53370.0,0.0
2026-01-20,52575.0,52575.0,52575.0,52575.0,0.0
2026-01-21,52545.0,52545.0,52545.0,52545.0,0.0
2026-01-22,53515.0,53515.0,53515.0,53515.0,0.0
2026-01-23,53585.0,53585.0,53585.0,53585.0,0.0
2026-01-26,52770.0,52770.0,52770.0,52770.0,0.0
2026-01-27,53150.0,53150.0,53150.0,53150.0,0.0
2026-01-28,53460.0,53460.0,53460.0,53460.0,0.0
2026-01-29,53135.0,53135.0,53135.0,53135.0,0.0
2026-01-30,53030.0,53030.0,53030.0,53030.0,0.0
2026-02-02,52470.0,52470.0,52470.0,52470.0,0.0
2026-02-03,54390.0,54390.0,54390.0,54390.0,0.0
2026-02-04,54245.0,54245.0,54245.0,54245.0,0.0
2026-02-05,53845.0,53845.0,53845.0,53845.0,0.0
2026-02-06,54200.0,54200.0,54200.0,54200.0,0.0
2026-02-09,56080.0,56080.0,56080.0,56080.0,0.0
2026-02-10,57525.0,57525.0,57525.0,57525.0,0.0
2026-02-11,57905.0,57905.0,57905.0,57905.0,0.0
2026-02-12,57365.0,57365.0,57365.0,57365.0,0.0
2026-02-13,56960.0,56960.0,56960.0,56960.0,0.0
2026-02-16,56800.0,56800.0,56800.0,56800.0,0.0
2026-02-17,56475.0,56475.0,56475.0,56475.0,0.0
2026-02-18,57075.0,57075.0,57075.0,57075.0,0.0
2026-02-19,57455.0,57455.0,57455.0,57455.0,0.0
2026-02-20,56705.0,56705.0,56705.0,56705.0,0.0
2026-02-23,56505.0,56505.0,56505.0,56505.0,0.0
2026-02-24,57165.0,57165.0,57165.0,57165.0,0.0
2026-02-25,58635.0,58635.0,58635.0,58635.0,0.0
2026-02-26,58705.0,58705.0,58705.0,58705.0,0.0
2026-02-27,58955.0,58955.0,58955.0,58955.0,0.0
2026-03-02,57780.0,57780.0,57780.0,57780.0,0.0
2026-03-03,56010.0,56010.0,56010.0,56010.0,0.0
2026-03-04,54045.0,54045.0,54045.0,54045.0,0.0
2026-03-05,55315.0,55315.0,55315.0,55315.0,0.0
2026-03-06,55420.0,55420.0,55420.0,55420.0,0.0
2026-03-09,52280.0,52280.0,52280.0,52280.0,0.0
2026-03-10,54215.0,54215.0,54215.0,54215.0,0.0
2026-03-11,55045.0,55045.0,55045.0,55045.0,0.0
2026-03-12,54300.0,54300.0,54300.0,54300.0,0.0
2026-03-13,53305.0,53305.0,53305.0,53305.0,0.0
2026-03-16,53600.0,53600.0,53600.0,53600.0,0.0
2026-03-17,53450.0,53450.0,53450.0,53450.0,0.0
2026-03-18,54990.0,54990.0,54990.0,54990.0,0.0
2026-03-19,53035.0,53035.0,53035.0,53035.0,0.0
2026-03-20,53065.0,53065.0,53065.0,53065.0,0.0
2026-03-23,50890.0,50890.0,50890.0,50890.0,0.0
2026-03-24,52430.0,52430.0,52430.0,52430.0,0.0
2026-03-25,53630.0,53630.0,53630.0,53630.0,0.0
2026-03-26,53380.0,53380.0,53380.0,53380.0,0.0
2026-03-27,52970.0,52970.0,52970.0,52970.0,0.0
2026-03-30,52055.0,52055.0,52055.0,52055.0,0.0
2026-03-31,51380.0,51380.0,51380.0,51380.0,0.0
2026-04-01,54215.0,54215.0,54215.0,54215.0,0.0
2026-04-02,52550.0,52550.0,52550.0,52550.0,0.0
2026-04-03,53200.0,53200.0,53200.0,53200.0,0.0
2026-04-06,53720.0,53720.0,53720.0,53720.0,0.0
2026-04-07,53665.0,53665.0,53665.0,53665.0,0.0
2026-04-08,56495.0,56495.0,56495.0,56495.0,0.0
2026-04-09,56300.0,56300.0,56300.0,56300.0,0.0
2026-04-10,56935.0,56935.0,56935.0,56935.0,0.0
2026-04-13,56640.0,56640.0,56640.0,56640.0,0.0
2026-04-14,58150.0,58150.0,58150.0,58150.0,0.0
2026-04-15,58410.0,58410.0,58410.0,58410.0,0.0
2026-04-16,59705.0,59705.0,59705.0,59705.0,0.0
2026-04-17,58915.0,58915.0,58915.0,58915.0,0.0
2026-04-20,59090.0,59090.0,59090.0,59090.0,0.0
2026-04-21,59470.0,59470.0,59470.0,59470.0,0.0
2026-04-22,59900.0,59900.0,59900.0,59900.0,0.0
2026-04-23,59250.0,59250.0,59250.0,59250.0,0.0
2026-04-24,59795.0,59795.0,59795.0,59795.0,0.0
2026-04-27,60370.0,60370.0,60370.0,60370.0,0.0
2026-04-28,60090.0,60090.0,60090.0,60090.0,0.0
2026-04-29,59395.0,59395.0,59395.0,59395.0,0.0
2026-04-30,59605.0,59605.0,59605.0,59605.0,0.0
2026-05-01,59360.0,59360.0,59360.0,59360.0,0.0
2026-05-04,59935.0,59935.0,59935.0,59935.0,0.0
2026-05-05,59835.0,59835.0,59835.0,59835.0,0.0
2026-05-06,61435.0,61435.0,61435.0,61435.0,0.0
2026-05-07,63320.0,63320.0,63320.0,63320.0,0.0
2026-05-08,63015.0,63015.0,63015.0,63015.0,0.0
2026-05-11,62685.0,62685.0,62685.0,62685.0,0.0
2026-05-12,62805.0,62805.0,62805.0,62805.0,0.0
2026-05-13,63525.0,63525.0,63525.0,63525.0,0.0
2026-05-14,62970.0,62970.0,62970.0,62970.0,0.0
2026-05-15,62115.0,62115.0,62115.0,62115.0,0.0
2026-05-18,61065.0,61065.0,61065.0,61065.0,0.0
2026-05-19,61010.0,61010.0,61010.0,61010.0,0.0
2026-05-20,60095.0,60095.0,60095.0,60095.0,0.0
2026-05-21,61660.0,61660.0,61660.0,61660.0,0.0
2026-05-22,63465.0,63465.0,63465.0,63465.0,0.0
2026-05-25,65445.0,65445.0,65445.0,65445.0,0.0
2026-05-26,65335.0,65335.0,65335.0,65335.0,0.0
2026-05-27,65265.0,65265.0,65265.0,65265.0,0.0
2026-05-28,64725.0,64725.0,64725.0,64725.0,0.0
2026-05-29,66660.0,66660.0,66660.0,66660.0,0.0
2026-06-01,67270.0,67270.0,67270.0,67270.0,0.0
2026-06-02,66965.0,66965.0,66965.0,66965.0,0.0
2026-06-03,68820.0,68820.0,68820.0,68820.0,0.0
2026-06-04,67920.0,67920.0,67920.0,67920.0,0.0
2026-06-05,66910.0,66910.0,66910.0,66910.0,0.0
2026-06-08,64155.0,64155.0,64155.0,64155.0,0.0
2026-06-09,65830.0,65830.0,65830.0,65830.0,0.0
2026-06-10,64610.0,64610.0,64610.0,64610.0,0.0
2026-06-11,64540.0,64540.0,64540.0,64540.0,0.0
2026-06-12,66205.0,66205.0,66205.0,66205.0,0.0
2026-06-15,69650.0,69650.0,69650.0,69650.0,0.0
2026-06-16,69745.0,69745.0,69745.0,69745.0,0.0
2026-06-17,70305.0,70305.0,70305.0,70305.0,0.0
2026-06-18,71600.0,71600.0,71600.0,71600.0,0.0
2026-06-19,71840.0,71840.0,71840.0,71840.0,0.0
2026-06-22,73170.0,73170.0,73170.0,73170.0,0.0
2026-06-23,70020.0,70020.0,70020.0,70020.0,0.0
2026-06-24,69740.0,69740.0,69740.0,69740.0,0.0
2026-06-25,72670.0,72670.0,72670.0,72670.0,0.0
2026-06-26,70015.0,70015.0,70015.0,70015.0,0.0
2026-06-29,69855.0,69855.0,69855.0,69855.0,0.0
2026-06-30,70475.0,70475.0,70475.0,70475.0,0.0
2026-07-01,70865.0,70865.0,70865.0,70865.0,0.0
2026-07-02,68845.0,68845.0,68845.0,68845.0,0.0
2026-07-03,70055.0,70055.0,70055.0,70055.0,0.0
2026-07-06,70120.0,70120.0,70120.0,70120.0,0.0
2026-07-07,68725.0,68725.0,68725.0,68725.0,0.0
2026-07-08,67120.0,67120.0,67120.0,67120.0,0.0
2026-07-09,68060.0,68060.0,68060.0,68060.0,0.0
2026-07-10,68990.0,68990.0,68990.0,68990.0,0.0
2026-07-13,67490.0,67490.0,67490.0,67490.0,0.0
2026-07-14,67795.0,67795.0,67795.0,67795.0,0.0
2026-07-15,68975.0,68975.0,68975.0,68975.0,0.0
2026-07-16,67155.0,67155.0,67155.0,67155.0,0.0
2026-07-17,64085.0,64085.0,64085.0,64085.0,0.0
2026-07-20,64915.0,64915.0,64915.0,64915.0,0.0
2026-07-21,66410.0,66410.0,66410.0,66410.0,0.0
2026-07-22,66190.0,66190.0,66190.0,66190.0,0.0
2026-07-23,66440.0,66440.0,66440.0,66440.0,0.0
2026-07-24,64815.0,64815.0,64815.0,64815.0,0.0
2026-07-27,65180.0,65180.0,65180.0,65180.0,0.0
2026-07-28,62605.0,62605.0,62605.0,62605.0,0.0
2026-07-29,62500.0,62500.0,62500.0,62500.0,0.0
2026-07-30,61915.0,61915.0,61915.0,61915.0,0.0
2026-07-31,63880.0,63880.0,63880.0,63880.0,0.0
2026-08-03,63790.0,63790.0,63790.0,63790.0,0.0
2026-08-04,64075.0,64075.0,64075.0,64075.0,0.0
2026-08-05,66450.0,66450.0,66450.0,66450.0,0.0
2026-08-06,65695.0,65695.0,65695.0,65695.0,0.0
2026-08-07,65870.0,65870.0,65870.0,65870.0,0.0
2026-08-10,67285.0,67285.0,67285.0,67285.0,0.0
2026-08-11,67060.0,67060.0,67060.0,67060.0,0.0
2026-08-12,67860.0,67860.0,67860.0,67860.0,0.0
2026-08-13,68610.0,68610.0,68610.0,68610.0,0.0
2026-08-14,68920.0,68920.0,68920.0,68920.0,0.0
2026-08-17,69440.0,69440.0,69440.0,69440.0,0.0
2026-08-18,67890.0,67890.0,67890.0,67890.0,0.0
2026-08-19,66040.0,66040.0,66040.0,66040.0,0.0
2026-08-20,66520.0,66520.0,66520.0,66520.0,0.0
2026-08-21,66265.0,66265.0,66265.0,66265.0,0.0
2026-08-24,65750.0,65750.0,65750.0,65750.0,0.0
2026-08-25,66125.0,66125.0,66125.0,66125.0,0.0
2026-08-26,66515.0,66515.0,66515.0,66515.0,0.0
2026-08-27,66370.0,66370.0,66370.0,66370.0,0.0
2026-08-28,66745.0,66745.0,66745.0,66745.0,0.0
2026-08-31,66675.0,66675.0,66675.0,66675.0,0.0
2026-09-01,66360.0,66360.0,66360.0,66360.0,0.0
2026-09-02,64635.0,64635.0,64635.0,64635.0,0.0
2026-09-03,64385.0,64385.0,64385.0,64385.0,0.0
2026-09-04,65140.0,65140.0,65140.0,65140.0,0.0
2026-09-07,66650.0,66650.0,66650.0,66650.0,0.0
2026-09-08,65640.0,65640.0,65640.0,65640.0,0.0
2026-09-09,65395.0,65395.0,65395.0,65395.0,0.0
2026-09-10,65390.0,65390.0,65390.0,65390.0,0.0
2026-09-11,64245.0,64245.0,64245.0,64245.0,0.0
2026-09-14,63575.0,63575.0,63575.0,63575.0,0.0
2026-09-15,63645.0,63645.0,63645.0,63645.0,0.0
2026-09-16,64185.0,64185.0,64185.0,64185.0,0.0
2026-09-17,64500.0,64500.0,64500.0,64500.0,0.0
2026-09-18,65510.0,65510.0,65510.0,65510.0,0.0
